,camera_id,amazon_url,rakuten_url
0,1,https://www.amazon.co.jp/%E3%82%BD%E3%83%8B%E3%83%BC-SONY-%E3%82%B3%E3%83%B3%E3%83%91%E3%82%AF%E3%83%88%E3%83%87%E3%82%B8%E3%82%BF%E3%83%AB%E3%82%AB%E3%83%A1%E3%83%A9-Cyber-shot-DSC-RX100M6/dp/B07DLXGQXR,https://search.rakuten.co.jp/search/mall/サイバーショット+DSC-RX100M6/
1,2,https://www.amazon.co.jp/FUJIFILM-%E3%83%87%E3%82%B8%E3%82%BF%E3%83%AB%E3%82%AB%E3%83%A1%E3%83%A9-XF10-%E3%83%96%E3%83%A9%E3%83%83%E3%82%AF-XF10-B/dp/B07FSPXJ97,https://search.rakuten.co.jp/search/mall/FUJIFILM+XF10/
2,3,https://www.amazon.co.jp/%E3%83%87%E3%82%B8%E3%82%BF%E3%83%AB%E3%82%AB%E3%83%A1%E3%83%A9-COOLPIX-P1000-%E3%82%AF%E3%83%BC%E3%83%AB%E3%83%94%E3%82%AF%E3%82%B9-P1000BK/dp/B07GZGNTXZ,https://search.rakuten.co.jp/search/mall/COOLPIX+P1000/
3,4,https://www.amazon.co.jp/SONY-%E3%83%87%E3%82%B8%E3%82%BF%E3%83%AB%E3%82%AB%E3%83%A1%E3%83%A9-Cyber-shot-%E5%85%89%E5%AD%A62-9%E5%80%8D-DSC-RX100M3/dp/B00KD43UTQ,https://search.rakuten.co.jp/search/mall/サイバーショット+DSC-RX100M3/
4,5,https://www.amazon.co.jp/%E3%82%B3%E3%83%B3%E3%83%91%E3%82%AF%E3%83%88%E3%83%87%E3%82%B8%E3%82%BF%E3%83%AB%E3%82%AB%E3%83%A1%E3%83%A9-SX620HS-%E5%85%89%E5%AD%A625%E5%80%8D%E3%82%BA%E3%83%BC%E3%83%A0-PSSX620HS-BK/dp/B01FH4H5S8,https://search.rakuten.co.jp/search/mall/PowerShot+SX620+HS/
5,6,https://www.amazon.co.jp/PowerShot-MarkII-%E5%85%89%E5%AD%A64-2%E5%80%8D%E3%82%BA%E3%83%BC%E3%83%A0-1-0%E5%9E%8B%E3%82%BB%E3%83%B3%E3%82%B5%E3%83%BC-PSG7X/dp/B01BWKOQA6,https://search.rakuten.co.jp/search/mall/PowerShot+G7+X+Mark+II/
6,7,https://www.amazon.co.jp/OLYMPUS-Tough-TG-5-1200%E4%B8%87%E7%94%BB%E7%B4%A0CMOS-100kgf%E8%80%90%E8%8D%B7%E9%87%8D/dp/B0725HSJ1W,https://search.rakuten.co.jp/search/mall/OLYMPUS+Tough+TG-5/
7,8,https://www.amazon.co.jp/Canon-%E3%83%87%E3%82%B8%E3%82%BF%E3%83%AB%E3%82%AB%E3%83%A1%E3%83%A9-PowerShot-%E5%85%89%E5%AD%A640%E5%80%8D%E3%82%BA%E3%83%BC%E3%83%A0-PSSX720HSBK/dp/B01BWKOR4Q/ref=sr_1_2?ie=UTF8&qid=1546648883&sr=8-2&keywords=PowerShot+SX720+HS,https://search.rakuten.co.jp/search/mall/PowerShot+SX720+HS/
8,9,https://www.amazon.co.jp/%E3%83%91%E3%83%8A%E3%82%BD%E3%83%8B%E3%83%83%E3%82%AF-%E3%83%87%E3%82%B8%E3%82%BF%E3%83%AB%E3%82%AB%E3%83%A1%E3%83%A9-%E3%83%AB%E3%83%9F%E3%83%83%E3%82%AF%E3%82%B9-FZ85-DC-FZ85-K/dp/B01N5SU29U,https://search.rakuten.co.jp/search/mall/LUMIX+DC-FZ85/
9,10,https://www.amazon.co.jp/SONY-DSC-RX100-1-0%E5%9E%8B%E3%82%BB%E3%83%B3%E3%82%B5%E3%83%BC-F1-8%E3%83%AC%E3%83%B3%E3%82%BA%E6%90%AD%E8%BC%89-Cyber-shot/dp/B00898JY8E,https://search.rakuten.co.jp/search/mall/サイバーショット+DSC-RX100/
10,11,https://www.amazon.co.jp/%E3%83%87%E3%82%B8%E3%82%BF%E3%83%AB%E3%82%AB%E3%83%A1%E3%83%A9-COOLPIX-%E5%85%89%E5%AD%A635%E5%80%8D%E3%82%BA%E3%83%BC%E3%83%A0-2029%E4%B8%87%E7%94%BB%E7%B4%A0-A900SL/dp/B01C3S74HI,https://search.rakuten.co.jp/search/mall/COOLPIX+A900/
11,12,https://www.amazon.co.jp/%E3%83%91%E3%83%8A%E3%82%BD%E3%83%8B%E3%83%83%E3%82%AF-%E3%82%B3%E3%83%B3%E3%83%91%E3%82%AF%E3%83%88%E3%83%87%E3%82%B8%E3%82%BF%E3%83%AB%E3%82%AB%E3%83%A1%E3%83%A9-%E3%83%AB%E3%83%9F%E3%83%83%E3%82%AF%E3%82%B9-%E5%85%89%E5%AD%A630%E5%80%8D-DMC-TZ85-W/dp/B01ASTGTS4,https://search.rakuten.co.jp/search/mall/LUMIX+DMC-TZ85/
12,13,https://www.amazon.co.jp/FUJIFILM-%E3%83%87%E3%82%B8%E3%82%BF%E3%83%AB%E3%82%AB%E3%83%A1%E3%83%A9-X100F-%E3%82%B7%E3%83%AB%E3%83%90%E3%83%BC-X100F-S/dp/B01MUC97VK,https://search.rakuten.co.jp/search/mall/FUJIFILM+X100F/
13,14,https://www.amazon.co.jp/%E3%83%91%E3%83%8A%E3%82%BD%E3%83%8B%E3%83%83%E3%82%AF-%E3%82%B3%E3%83%B3%E3%83%91%E3%82%AF%E3%83%88%E3%83%87%E3%82%B8%E3%82%BF%E3%83%AB%E3%82%AB%E3%83%A1%E3%83%A9-%E3%83%AB%E3%83%9F%E3%83%83%E3%82%AF%E3%82%B9-%E5%85%89%E5%AD%A610%E5%80%8D-DMC-TX1-K/dp/B01ASTGRPE,https://search.rakuten.co.jp/search/mall/LUMIX+DMC-TX1/
14,15,https://www.amazon.co.jp/%E3%82%BD%E3%83%8B%E3%83%BC-SONY-DSCRX100M5A-%E3%83%87%E3%82%B8%E3%82%BF%E3%83%AB%E3%82%AB%E3%83%A1%E3%83%A9%E3%80%8CCyber-shot-DSC-RX100M5A/dp/B07FBJ9WNB,https://search.rakuten.co.jp/search/mall/サイバーショット+DSC-RX100M5A/
15,16,https://www.amazon.co.jp/%E3%82%BD%E3%83%8B%E3%83%BC-SONY-%E3%83%87%E3%82%B8%E3%82%BF%E3%83%AB%E3%82%AB%E3%83%A1%E3%83%A9-Cyber-shot-DSC-RX10M4/dp/B075NCK1W2,https://search.rakuten.co.jp/search/mall/サイバーショット+DSC-RX10M4/
16,17,https://www.amazon.co.jp/Canon-%E3%82%B3%E3%83%B3%E3%83%91%E3%82%AF%E3%83%88%E3%83%87%E3%82%B8%E3%82%BF%E3%83%AB%E3%82%AB%E3%83%A1%E3%83%A9-DIGIC7%E6%90%AD%E8%BC%89-1-0%E5%9E%8B%E3%82%BB%E3%83%B3%E3%82%B5%E3%83%BC-MARKII/dp/B06VVVVSPG,https://search.rakuten.co.jp/search/mall/PowerShot+G9+X+Mark+II/
17,18,https://www.amazon.co.jp/%E3%82%B3%E3%83%B3%E3%83%91%E3%82%AF%E3%83%88%E3%83%87%E3%82%B8%E3%82%BF%E3%83%AB%E3%82%AB%E3%83%A1%E3%83%A9-PowerShot-%E5%85%89%E5%AD%A640%E5%80%8D%E3%82%BA%E3%83%BC%E3%83%A0-PSSX730HS-BK/dp/B06Y2FZV7K,https://search.rakuten.co.jp/search/mall/PowerShot+SX730+HS/
18,19,https://www.amazon.co.jp/%E3%82%BD%E3%83%8B%E3%83%BC-SONY-DSC-WX500-%E5%85%89%E5%AD%A630%E5%80%8D%E3%82%BA%E3%83%BC%E3%83%A0-Cyber-shot/dp/B010CCOWRM,https://search.rakuten.co.jp/search/mall/サイバーショット+DSC-WX500/
19,20,https://www.amazon.co.jp/%E3%83%87%E3%82%B8%E3%82%BF%E3%83%AB%E3%82%AB%E3%83%A1%E3%83%A9-PowerShot-%E5%85%89%E5%AD%A640%E5%80%8D%E3%82%BA%E3%83%BC%E3%83%A0-PSSX740HS-BK/dp/B07G2LG3XZ,https://search.rakuten.co.jp/search/mall/PowerShot+SX740+HS/
20,21,https://www.amazon.co.jp/Nikon-%E3%83%87%E3%82%B8%E3%82%BF%E3%83%AB%E3%82%AB%E3%83%A1%E3%83%A9-COOLPIX-%E3%82%AF%E3%83%BC%E3%83%AB%E3%83%94%E3%82%AF%E3%82%B9-%E3%82%AB%E3%83%A0%E3%83%95%E3%83%A9%E3%83%BC%E3%82%B8%E3%83%A5/dp/B071GTYMLK,https://search.rakuten.co.jp/search/mall/COOLPIX+W300/
21,22,https://www.amazon.co.jp/Nikon-%E3%83%87%E3%82%B8%E3%82%BF%E3%83%AB%E3%82%AB%E3%83%A1%E3%83%A9-COOLPIX-%E3%82%AF%E3%83%BC%E3%83%AB%E3%83%94%E3%82%AF%E3%82%B9-P900BK/dp/B00U5NQKZ6,https://search.rakuten.co.jp/search/mall/COOLPIX+P900/
22,23,https://www.amazon.co.jp/%E3%83%87%E3%82%B8%E3%82%BF%E3%83%AB%E3%82%AB%E3%83%A1%E3%83%A9-COOLPIX-%E5%85%89%E5%AD%A640%E5%80%8D%E3%82%BA%E3%83%BC%E3%83%A0-1602%E4%B8%87%E7%94%BB%E7%B4%A0-B500BK/dp/B01C3S7B7G,https://search.rakuten.co.jp/search/mall/COOLPIX+B500/
23,24,https://www.amazon.co.jp/Nikon-%E3%83%87%E3%82%B8%E3%82%BF%E3%83%AB%E3%82%AB%E3%83%A1%E3%83%A9-COOLPIX-W100MR-%E3%82%AF%E3%83%BC%E3%83%AB%E3%83%94%E3%82%AF%E3%82%B9/dp/B01LWVAPAV,https://search.rakuten.co.jp/search/mall/COOLPIX+W100/
24,25,https://www.amazon.co.jp/%E3%83%87%E3%82%B8%E3%82%BF%E3%83%AB%E3%82%AB%E3%83%A1%E3%83%A9-COOLPIX-%E5%85%89%E5%AD%A65%E5%80%8D%E3%82%BA%E3%83%BC%E3%83%A0-%E3%80%90%E4%B9%BE%E9%9B%BB%E6%B1%A0%E3%82%BF%E3%82%A4%E3%83%97%E3%80%91-A10SL/dp/B01ALAZOOK,https://search.rakuten.co.jp/search/mall/COOLPIX+A10/
25,26,https://www.amazon.co.jp/RICOH-%E3%83%87%E3%82%B8%E3%82%BF%E3%83%AB%E3%82%AB%E3%83%A1%E3%83%A9-APS-C%E3%82%B5%E3%82%A4%E3%82%BACMOS%E3%82%BB%E3%83%B3%E3%82%B5%E3%83%BC-%E3%83%AD%E3%83%BC%E3%83%91%E3%82%B9%E3%83%95%E3%82%A3%E3%83%AB%E3%82%BF%E3%83%AC%E3%82%B9-175840/dp/B00ZVWI3VA/ref=sr_1_6?ie=UTF8&qid=1546648927&sr=8-6&keywords=GR+II,https://search.rakuten.co.jp/search/mall/GR+II/
26,27,https://www.amazon.co.jp/%E3%82%BD%E3%83%8B%E3%83%BC-SONY-%E3%83%87%E3%82%B8%E3%82%BF%E3%83%AB%E3%82%AB%E3%83%A1%E3%83%A9-Cyber-shot-DSC-WX350-W/dp/B00I8BIBB8,https://search.rakuten.co.jp/search/mall/サイバーショット+DSC-WX350/
27,28,https://www.amazon.co.jp/Nikon-%E3%83%87%E3%82%B8%E3%82%BF%E3%83%AB%E3%82%AB%E3%83%A1%E3%83%A9-COOLPIX-2005%E4%B8%87%E7%94%BB%E7%B4%A0-A100RD/dp/B01ALAZOIQ,https://search.rakuten.co.jp/search/mall/COOLPIX+A100/
28,29,https://www.amazon.co.jp/%E3%82%BD%E3%83%8B%E3%83%BC-SONY-%E3%83%87%E3%82%B8%E3%82%BF%E3%83%AB%E3%82%AB%E3%83%A1%E3%83%A9-Cyber-shot-DSC-RX0/dp/B075CMMC7Q,https://search.rakuten.co.jp/search/mall/サイバーショット+DSC-RX0/
29,30,https://www.amazon.co.jp/Panasonic-%E3%82%B3%E3%83%B3%E3%83%91%E3%82%AF%E3%83%88%E3%83%87%E3%82%B8%E3%82%BF%E3%83%AB%E3%82%AB%E3%83%A1%E3%83%A9-%E3%83%AB%E3%83%9F%E3%83%83%E3%82%AF%E3%82%B9-%E5%85%89%E5%AD%A630%E5%80%8D-DC-TZ90-S/dp/B071RCX9HH,https://search.rakuten.co.jp/search/mall/LUMIX+DC-TZ90/
30,31,https://www.amazon.co.jp/%E3%82%BD%E3%83%8B%E3%83%BC-SONY-DSC-HX90V-%E3%83%96%E3%83%A9%E3%83%83%E3%82%AFCyber-shot-BC/dp/B00XXCQ3JE,https://search.rakuten.co.jp/search/mall/サイバーショット+DSC-HX90V/
31,32,https://www.amazon.co.jp/%E3%83%91%E3%83%8A%E3%82%BD%E3%83%8B%E3%83%83%E3%82%AF-%E3%83%87%E3%82%B8%E3%82%BF%E3%83%AB%E3%82%AB%E3%83%A1%E3%83%A9-%E3%83%AB%E3%83%9F%E3%83%83%E3%82%AF%E3%82%B9-FZ300-DMC-FZ300-K/dp/B014U62LZG,https://search.rakuten.co.jp/search/mall/LUMIX+DMC-FZ300/
32,33,https://www.amazon.co.jp/RICOH-%E9%98%B2%E6%B0%B4%E3%83%87%E3%82%B8%E3%82%BF%E3%83%AB%E3%82%AB%E3%83%A1%E3%83%A9-WG-50-%E9%98%B2%E6%B0%B414m%E8%80%90%E3%82%B7%E3%83%A7%E3%83%83%E3%82%AF1-6m%E8%80%90%E5%AF%92-10%E5%BA%A6-04571/dp/B072J97HT2,https://search.rakuten.co.jp/search/mall/RICOH+WG-50/
33,34,https://www.amazon.co.jp/Canon-%E3%82%B3%E3%83%B3%E3%83%91%E3%82%AF%E3%83%88%E3%83%87%E3%82%B8%E3%82%BF%E3%83%AB%E3%82%AB%E3%83%A1%E3%83%A9-%E5%85%89%E5%AD%A612%E5%80%8D%E3%82%BA%E3%83%BC%E3%83%A0-IXY650-BK/dp/B01FH4H5XS,https://search.rakuten.co.jp/search/mall/IXY+650/
34,35,https://www.amazon.co.jp/%E3%83%91%E3%83%8A%E3%82%BD%E3%83%8B%E3%83%83%E3%82%AF-%E3%82%B3%E3%83%B3%E3%83%91%E3%82%AF%E3%83%88%E3%83%87%E3%82%B8%E3%82%BF%E3%83%AB%E3%82%AB%E3%83%A1%E3%83%A9-%E3%83%AB%E3%83%9F%E3%83%83%E3%82%AF%E3%82%B9-%E5%85%89%E5%AD%A615%E5%80%8D-DC-TX2-K/dp/B079TCWCFW,https://search.rakuten.co.jp/search/mall/LUMIX+DC-TX2/
35,36,https://www.amazon.co.jp/FUJIFILM-%E9%98%B2%E6%B0%B4%E3%82%AB%E3%83%A1%E3%83%A9-XP130-%E3%82%B9%E3%82%AB%E3%82%A4%E3%83%96%E3%83%AB%E3%83%BC-FX-XP130SB/dp/B0797LTY9F,https://search.rakuten.co.jp/search/mall/FinePix+XP130/
36,37,https://www.amazon.co.jp/Canon-%E3%83%87%E3%82%B8%E3%82%BF%E3%83%AB%E3%82%AB%E3%83%A1%E3%83%A9-%E3%82%B7%E3%83%AB%E3%83%90%E3%83%BC-%E5%85%89%E5%AD%A68%E5%80%8D%E3%82%BA%E3%83%BC%E3%83%A0-IXY180SL/dp/B01BWKOQQU,https://search.rakuten.co.jp/search/mall/IXY+200/
37,38,https://www.amazon.co.jp/SONY-%E3%83%87%E3%82%B8%E3%82%BF%E3%83%AB%E3%82%AB%E3%83%A1%E3%83%A9-Cyber-shot-%E5%85%89%E5%AD%A62-9%E5%80%8D-DSC-RX100M4/dp/B010EWIN6Q,https://search.rakuten.co.jp/search/mall/サイバーショット+DSC-RX100M4/
38,39,https://www.amazon.co.jp/CASIO-%E3%83%87%E3%82%B8%E3%82%BF%E3%83%AB%E3%82%AB%E3%83%A1%E3%83%A9-EX-ZR70WE-%E3%80%8C%E8%87%AA%E5%88%86%E6%92%AE%E3%82%8A%E3%83%81%E3%83%AB%E3%83%88%E6%B6%B2%E6%99%B6%E3%80%8D-%E3%82%BB%E3%83%AB%E3%83%95%E3%82%A3%E3%83%BC%E3%82%A2%E3%83%BC%E3%83%88%E3%80%8D/dp/B01M32UVP5,https://search.rakuten.co.jp/search/mall/HIGH+SPEED+EXILIM+EX-ZR70/
39,40,https://www.amazon.co.jp/Canon-%E3%82%B3%E3%83%B3%E3%83%91%E3%82%AF%E3%83%88%E3%83%87%E3%82%B8%E3%82%BF%E3%83%AB%E3%82%AB%E3%83%A1%E3%83%A9-%E5%85%89%E5%AD%A610%E5%80%8D%E3%82%BA%E3%83%BC%E3%83%A0-IXY210-BK/dp/B06WD4FD3D,https://search.rakuten.co.jp/search/mall/IXY+210/
40,41,https://www.amazon.co.jp/Leica-19130-C-Lux-%E3%83%87%E3%82%B8%E3%82%BF%E3%83%AB%E3%82%AB%E3%83%A1%E3%83%A9%EF%BC%88%E3%83%9F%E3%83%83%E3%83%89%E3%83%8A%E3%82%A4%E3%83%88%E3%83%96%E3%83%AB%E3%83%BC%EF%BC%89/dp/B07F4RJL8Y,https://search.rakuten.co.jp/search/mall/LEICA+C-LUX/
41,42,https://www.amazon.co.jp/Canon-%E3%83%87%E3%82%B8%E3%82%BF%E3%83%AB%E3%82%AB%E3%83%A1%E3%83%A9-PowerShot-%E5%85%89%E5%AD%A665%E5%80%8D%E3%82%BA%E3%83%BC%E3%83%A0-PSSX60HS/dp/B00NM0VXYW,https://search.rakuten.co.jp/search/mall/PowerShot+SX60+HS/
42,43,https://www.amazon.co.jp/%E3%82%BD%E3%83%8B%E3%83%BC-SONY-%E3%83%87%E3%82%B8%E3%82%BF%E3%83%AB%E3%82%AB%E3%83%A1%E3%83%A9-Cyber-shot-DSC-W830/dp/B075XPPP4V,https://search.rakuten.co.jp/search/mall/サイバーショット+DSC-W830/
43,44,https://www.amazon.co.jp/RICOH-360%E5%BA%A6%E3%82%AB%E3%83%A1%E3%83%A9-THETA-%E5%85%A8%E5%A4%A9%E7%90%83%E3%82%AB%E3%83%A1%E3%83%A9-910743/dp/B01M3O1FTK,https://search.rakuten.co.jp/search/mall/RICOH+THETA+SC/
44,45,https://www.amazon.co.jp/CASIO-%E3%83%87%E3%82%B8%E3%82%BF%E3%83%AB%E3%82%AB%E3%83%A1%E3%83%A9-EXILIM-%E8%87%AA%E5%88%86%E6%92%AE%E3%82%8A%E3%83%81%E3%83%AB%E3%83%88%E6%B6%B2%E6%99%B6-EX-ZR1700GD/dp/B01AT294KK/ref=sr_1_1?ie=UTF8&qid=1546649005&sr=8-1&keywords=HIGH+SPEED+EXILIM+EX-ZR1700,https://search.rakuten.co.jp/search/mall/HIGH+SPEED+EXILIM+EX-ZR1700/
45,46,https://www.amazon.co.jp/%E3%83%91%E3%83%8A%E3%82%BD%E3%83%8B%E3%83%83%E3%82%AF-%E3%82%B3%E3%83%B3%E3%83%91%E3%82%AF%E3%83%88%E3%83%87%E3%82%B8%E3%82%BF%E3%83%AB%E3%82%AB%E3%83%A1%E3%83%A9-1-0%E5%9E%8B%E3%82%BB%E3%83%B3%E3%82%B5%E3%83%BC%E6%90%AD%E8%BC%89-4K%E5%8B%95%E7%94%BB%E5%AF%BE%E5%BF%9C-DMC-LX9-K/dp/B01M0TWLTW,https://search.rakuten.co.jp/search/mall/LUMIX+DMC-LX9/
46,47,https://www.amazon.co.jp/%E3%83%87%E3%82%B8%E3%82%BF%E3%83%AB%E3%82%AB%E3%83%A1%E3%83%A9-PowerShot-SX530HS-%E5%85%89%E5%AD%A650%E5%80%8D%E3%82%BA%E3%83%BC%E3%83%A0-PSSX530HS/dp/B00T90F0PC,https://search.rakuten.co.jp/search/mall/PowerShot+SX530+HS/
47,48,https://www.amazon.co.jp/%E3%83%87%E3%82%B8%E3%82%BF%E3%83%AB%E3%82%AB%E3%83%A1%E3%83%A9-PowerShot-APS-C%E3%82%BB%E3%83%B3%E3%82%B5%E3%83%BC-2420%E4%B8%87%E7%94%BB%E7%B4%A0-MARKIII/dp/B076LLQBRG,https://search.rakuten.co.jp/search/mall/PowerShot+G1+X+Mark+III/
48,49,https://www.amazon.co.jp/FUJIFILM-%E3%83%87%E3%82%B8%E3%82%BF%E3%83%AB%E3%82%AB%E3%83%A1%E3%83%A9-XP120-%E3%83%96%E3%83%AB%E3%83%BC-FX-XP120BL/dp/B01NCVCAKQ,https://search.rakuten.co.jp/search/mall/FinePix+XP120/
49,50,https://www.amazon.co.jp/Canon-%E3%83%87%E3%82%B8%E3%82%BF%E3%83%AB%E3%82%AB%E3%83%A1%E3%83%A9-PowerShot-%E5%85%89%E5%AD%A642%E5%80%8D%E3%82%BA%E3%83%BC%E3%83%A0-PSSX420IS/dp/B01BWJVB14,https://search.rakuten.co.jp/search/mall/PowerShot+SX420+IS/
50,51,https://www.amazon.co.jp/CASIO-%E3%83%87%E3%82%B8%E3%82%BF%E3%83%AB%E3%82%AB%E3%83%A1%E3%83%A9-EX-ZR3100WE-%E8%87%AA%E5%88%86%E6%92%AE%E3%82%8A%E3%83%81%E3%83%AB%E3%83%88%E6%B6%B2%E6%99%B6-%E3%82%B9%E3%83%9E%E3%83%9B%E3%81%B8%E8%87%AA%E5%8B%95%E9%80%81%E4%BF%A1/dp/B01C6Q4UOM/ref=sr_1_1?ie=UTF8&qid=1546649030&sr=8-1&keywords=HIGH+SPEED+EXILIM+EX-ZR3100,https://search.rakuten.co.jp/search/mall/HIGH+SPEED+EXILIM+EX-ZR3100/
51,52,https://www.amazon.co.jp/%E3%82%BD%E3%83%8B%E3%83%BC-SONY-DSC-RX10M3-F2-4-4-0-Cyber-shot/dp/B01E35B0R4,https://search.rakuten.co.jp/search/mall/サイバーショット+DSC-RX10M3/
52,53,https://www.amazon.co.jp/SONY-%E3%83%87%E3%82%B8%E3%82%BF%E3%83%AB%E3%82%AB%E3%83%A1%E3%83%A9-Cyber-shot-4240%E4%B8%87%E7%94%BB%E7%B4%A0-DSC-RX1RM2/dp/B017LNEBR6,https://search.rakuten.co.jp/search/mall/サイバーショット+DSC-RX1RM2/
53,54,https://www.amazon.co.jp/%E3%82%AD%E3%83%A4%E3%83%8E%E3%83%B3-PSSX430IS-Canon-%E3%82%B3%E3%83%B3%E3%83%91%E3%82%AF%E3%83%88%E3%83%87%E3%82%B8%E3%82%BF%E3%83%AB%E3%82%AB%E3%83%A1%E3%83%A9-%E5%85%89%E5%AD%A645%E5%80%8D%E3%82%BA%E3%83%BC%E3%83%A0/dp/B06X3WBC8L,https://search.rakuten.co.jp/search/mall/PowerShot+SX430+IS/
54,55,https://www.amazon.co.jp/%E3%82%AB%E3%82%B7%E3%82%AA%E8%A8%88%E7%AE%97%E6%A9%9F-EX-ZS260SR-%E3%83%87%E3%82%B8%E3%82%BF%E3%83%AB%E3%82%AB%E3%83%A1%E3%83%A9-EXILIM-EX-ZS260/dp/B07B6LWPTC,https://search.rakuten.co.jp/search/mall/EXILIM+EX-ZS260/
55,56,https://www.amazon.co.jp/Canon-%E3%83%87%E3%82%B8%E3%82%BF%E3%83%AB%E3%82%AB%E3%83%A1%E3%83%A9-PowerShot-%E5%85%89%E5%AD%A64-2%E5%80%8D%E3%82%BA%E3%83%BC%E3%83%A0-1-0%E5%9E%8B%E3%82%BB%E3%83%B3%E3%82%B5%E3%83%BC/dp/B016JZFXWO,https://search.rakuten.co.jp/search/mall/PowerShot+G5+X/
56,57,https://www.amazon.co.jp/CASIO-%E3%83%87%E3%82%B8%E3%82%BF%E3%83%AB%E3%82%AB%E3%83%A1%E3%83%A9-EX-ZR1800GD-%E8%87%AA%E5%88%86%E6%92%AE%E3%82%8A%E3%83%BB%E3%81%BF%E3%82%93%E3%81%AA%E6%92%AE%E3%82%8A%E3%81%8C%E7%B0%A1%E5%8D%98-%E3%82%B7%E3%83%A3%E3%83%83%E3%82%BF%E3%83%BC%E3%82%92%E6%8A%BC%E3%81%99%E3%81%A0%E3%81%91%E3%81%A7%E3%82%AD%E3%83%AC%E3%82%A4%E3%81%AB%E6%92%AE%E3%82%8C%E3%82%8B/dp/B01N6Z0V26,https://search.rakuten.co.jp/search/mall/HIGH+SPEED+EXILIM+EX-ZR1800/
57,58,https://www.amazon.co.jp/OLYMPUS-%E3%82%AA%E3%83%AA%E3%83%B3%E3%83%91%E3%82%B9-%E5%B7%A5%E4%BA%8B%E5%86%99%E7%9C%9F%E7%94%A8%E3%83%87%E3%82%B8%E3%82%BF%E3%83%AB%E3%82%AB%E3%83%A1%E3%83%A9-TG-5%E5%B7%A5%E4%B8%80%E9%83%8E-%E8%80%90%E8%A1%9D%E6%92%83/dp/B0771M2Q3D,https://search.rakuten.co.jp/search/mall/TG-5+工一郎/
58,59,https://www.amazon.co.jp/%E3%82%BD%E3%83%8B%E3%83%BC-%E3%83%87%E3%82%B8%E3%82%BF%E3%83%AB%E3%82%B9%E3%83%81%E3%83%AB%E3%82%AB%E3%83%A1%E3%83%A9%E3%80%8CDSC-RX100M5%E3%80%8DSONY-Cyber-shot-%E3%82%B5%E3%82%A4%E3%83%90%E3%83%BC%E3%82%B7%E3%83%A7%E3%83%83%E3%83%88-RX100V-DSC-RX100M5/dp/B01M4J4R8S,https://search.rakuten.co.jp/search/mall/サイバーショット+DSC-RX100M5/
59,60,https://www.amazon.co.jp/%E3%83%91%E3%83%8A%E3%82%BD%E3%83%8B%E3%83%83%E3%82%AF-%E3%82%B3%E3%83%B3%E3%83%91%E3%82%AF%E3%83%88%E3%83%87%E3%82%B8%E3%82%BF%E3%83%AB%E3%82%AB%E3%83%A1%E3%83%A9-LX100M2-3%E5%9E%8B%E3%82%BB%E3%83%B3%E3%82%B5%E3%83%BC%E6%90%AD%E8%BC%89-DC-LX100M2/dp/B07GRDXPCT,https://search.rakuten.co.jp/search/mall/LUMIX+DC-LX100M2/
60,61,https://www.amazon.co.jp/%E3%82%BD%E3%83%8B%E3%83%BC-SONY-DSC-HX400V-%E5%85%89%E5%AD%A650%E5%80%8D%E3%82%BA%E3%83%BC%E3%83%A0-%E3%83%96%E3%83%A9%E3%83%83%E3%82%AFCyber-shot/dp/B00IDV49YQ,https://search.rakuten.co.jp/search/mall/サイバーショット+DSC-HX400V/
61,62,https://www.amazon.co.jp/%E3%82%BD%E3%83%8B%E3%83%BC-SONY-%E3%83%87%E3%82%B8%E3%82%BF%E3%83%AB%E3%82%AB%E3%83%A1%E3%83%A9-Cyber-shot-DSC-HX60V/dp/B00JPDG62O,https://search.rakuten.co.jp/search/mall/サイバーショット+DSC-HX60V/
62,63,https://www.amazon.co.jp/RICOH-%E3%83%87%E3%82%B8%E3%82%BF%E3%83%AB%E3%82%AB%E3%83%A1%E3%83%A9-%E5%BA%83%E8%A7%9228mm-%E8%80%90%E8%A1%9D%E6%92%832-0m-162045/dp/B00NHBFJ14,https://search.rakuten.co.jp/search/mall/RICOH+G800/
63,64,https://www.amazon.co.jp/Canon-%E3%83%87%E3%82%B8%E3%82%BF%E3%83%AB%E3%82%AB%E3%83%A1%E3%83%A9-%E3%82%B7%E3%83%AB%E3%83%90%E3%83%BC-%E5%85%89%E5%AD%A68%E5%80%8D%E3%82%BA%E3%83%BC%E3%83%A0-IXY180SL/dp/B01BWKOQQU,https://search.rakuten.co.jp/search/mall/IXY+180/
64,65,https://www.amazon.co.jp/%E3%83%87%E3%82%B8%E3%82%BF%E3%83%AB%E3%82%AB%E3%83%A1%E3%83%A9-PowerShot-EVF%E3%82%AD%E3%83%83%E3%83%88-%E5%85%89%E5%AD%A625%E5%80%8D%E3%82%BA%E3%83%BC%E3%83%A0-PSG3XEVFKIT/dp/B00ZWIAAQ4,https://search.rakuten.co.jp/search/mall/PowerShot+G3+X/
65,66,https://www.amazon.co.jp/%E3%83%91%E3%83%8A%E3%82%BD%E3%83%8B%E3%83%83%E3%82%AF-%E3%83%87%E3%82%B8%E3%82%BF%E3%83%AB%E3%82%AB%E3%83%A1%E3%83%A9-%E3%83%AB%E3%83%9F%E3%83%83%E3%82%AF%E3%82%B9-2010%E4%B8%87%E7%94%BB%E7%B4%A0-DMC-FZH1/dp/B01M1H5CDA,https://search.rakuten.co.jp/search/mall/LUMIX+DMC-FZH1/
66,67,https://www.amazon.co.jp/%E3%83%A9%E3%82%A4%E3%82%AB-%E3%83%87%E3%82%B8%E3%82%BF%E3%83%AB%E3%82%AB%E3%83%A1%E3%83%A9-%E3%83%A9%E3%82%A4%E3%82%ABQ%EF%BC%88Typ-116%EF%BC%89-%E3%83%96%E3%83%A9%E3%83%83%E3%82%AF/dp/B010B60DA4,https://search.rakuten.co.jp/search/mall/LEICA+Q+Typ+116/
67,68,https://www.amazon.co.jp/RICOH-THETA-360%E5%BA%A6%E3%82%AB%E3%83%A1%E3%83%A9-910725-%E3%83%A1%E3%82%BF%E3%83%AA%E3%83%83%E3%82%AF%E3%82%B0%E3%83%AC%E3%83%BC/dp/B074ZB7PZM,https://search.rakuten.co.jp/search/mall/RICOH+THETA+V/
68,69,https://www.amazon.co.jp/Canon-%E3%83%87%E3%82%B8%E3%82%BF%E3%83%AB%E3%82%AB%E3%83%A1%E3%83%A9-Power-%E5%85%89%E5%AD%A65%E5%80%8D%E3%82%BA%E3%83%BC%E3%83%A0-MARKII/dp/B00IDVSFX2,https://search.rakuten.co.jp/search/mall/PowerShot+G1+X+Mark+II/
69,70,https://www.amazon.co.jp/%E3%82%BD%E3%83%8B%E3%83%BC-SONY-DSC-RX100M2-F1-8%E3%83%AC%E3%83%B3%E3%82%BA%E6%90%AD%E8%BC%89-Cyber-shot/dp/B00DNT2D5K,https://search.rakuten.co.jp/search/mall/サイバーショット+DSC-RX100M2/
70,71,https://www.amazon.co.jp/RICOH-%E9%98%B2%E6%B0%B4%E3%83%87%E3%82%B8%E3%82%BF%E3%83%AB%E3%82%AB%E3%83%A1%E3%83%A9-WG-40W-%E9%98%B2%E6%B0%B414m%E8%80%90%E3%82%B7%E3%83%A7%E3%83%83%E3%82%AF1-6m%E8%80%90%E5%AF%92-10%E5%BA%A6-04693/dp/B015R3X39E,https://search.rakuten.co.jp/search/mall/RICOH+WG-40W/
71,72,https://www.amazon.co.jp/%E3%83%87%E3%82%B8%E3%82%BF%E3%83%AB%E3%82%AB%E3%83%A1%E3%83%A9-COOLPIX-1602%E4%B8%87%E7%94%BB%E7%B4%A0-%E3%83%8A%E3%83%81%E3%83%A5%E3%83%A9%E3%83%AB%E3%83%9B%E3%83%AF%E3%82%A4%E3%83%88-S6900WH/dp/B00NOH3GNY/ref=sr_1_2?ie=UTF8&qid=1546649067&sr=8-2&keywords=COOLPIX+S6900,https://search.rakuten.co.jp/search/mall/COOLPIX+S6900/
72,73,https://www.amazon.co.jp/CASIO-%E3%83%87%E3%82%B8%E3%82%BF%E3%83%AB%E3%82%AB%E3%83%A1%E3%83%A9-EX-FR100LWE-%E3%82%BB%E3%83%AB%E3%83%95%E3%82%A3%E3%83%BC%E3%81%8C%E7%B0%A1%E5%8D%98-3%E3%81%A4%E3%81%AE%E3%81%93%E3%81%A0%E3%82%8F%E3%82%8A%E8%87%AA%E5%88%86%E6%92%AE%E3%82%8A%E6%A9%9F%E8%83%BD/dp/B06VSJ88X2,https://search.rakuten.co.jp/search/mall/EXILIM+EX-FR100L/
73,74,https://www.amazon.co.jp/CASIO-%E3%83%87%E3%82%B8%E3%82%BF%E3%83%AB%E3%82%AB%E3%83%A1%E3%83%A9-EXILIM-%E5%85%89%E5%AD%A66%E5%80%8D%E3%82%BA%E3%83%BC%E3%83%A0-EX-ZS29SR/dp/B06WWRNFDR,https://search.rakuten.co.jp/search/mall/EXILIM+EX-ZS29/
74,75,https://www.amazon.co.jp/%E3%83%87%E3%82%B8%E3%82%BF%E3%83%AB%E3%82%AB%E3%83%A1%E3%83%A9-COOLPIX-%E5%85%89%E5%AD%A660%E5%80%8D%E3%82%BA%E3%83%BC%E3%83%A0-2029%E4%B8%87%E7%94%BB%E7%B4%A0-B700BK/dp/B01C3S74JG,https://search.rakuten.co.jp/search/mall/COOLPIX+B700/
75,76,https://www.amazon.co.jp/CASIO-%E3%83%87%E3%82%B8%E3%82%BF%E3%83%AB%E3%82%AB%E3%83%A1%E3%83%A9-EX-FR200BK-%E3%82%B3%E3%83%B3%E3%83%88%E3%83%AD%E3%83%BC%E3%83%A9%E3%83%BC-%E3%82%A2%E3%82%A6%E3%83%88%E3%83%89%E3%82%A2%E3%83%AC%E3%82%B3%E3%83%BC%E3%83%80%E3%83%BC/dp/B01JRFQBXI,https://search.rakuten.co.jp/search/mall/EXILIM+EX-FR200/
76,77,https://www.amazon.co.jp/CASIO-%E3%83%87%E3%82%B8%E3%82%BF%E3%83%AB%E3%82%AB%E3%83%A1%E3%83%A9-EX-FR100YW-%E3%83%A2%E3%83%8B%E3%82%BF%E3%83%BC%E9%83%A8%E5%88%86%E9%9B%A2-%E3%83%95%E3%83%AA%E3%83%BC%E3%82%B9%E3%82%BF%E3%82%A4%E3%83%AB%E3%82%AB%E3%83%A1%E3%83%A9/dp/B0181QROIU,https://search.rakuten.co.jp/search/mall/EXILIM+EX-FR100/
77,78,https://www.amazon.co.jp/CASIO-%E3%83%87%E3%82%B8%E3%82%BF%E3%83%AB%E3%82%AB%E3%83%A1%E3%83%A9-EX-ZR3200WE-%E8%87%AA%E5%88%86%E6%92%AE%E3%82%8A%E3%83%BB%E3%81%BF%E3%82%93%E3%81%AA%E6%92%AE%E3%82%8A%E3%81%8C%E7%B0%A1%E5%8D%98-%E3%82%B9%E3%83%9E%E3%83%9B%E3%81%B8%E8%87%AA%E5%8B%95%E8%BB%A2%E9%80%81/dp/B06WRMZ611,https://search.rakuten.co.jp/search/mall/HIGH+SPEED+EXILIM+EX-ZR3200/
78,79,https://www.amazon.co.jp/CASIO-%E3%83%87%E3%82%B8%E3%82%BF%E3%83%AB%E3%82%AB%E3%83%A1%E3%83%A9-EX-ZS240WE-%E6%89%8B%E3%83%96%E3%83%AC%E3%81%AB%E5%BC%B7%E3%81%84%E5%85%89%E5%AD%A612%E5%80%8D%E3%82%BA%E3%83%BC%E3%83%A0-%E3%82%B7%E3%83%A3%E3%83%83%E3%82%BF%E3%83%BC%E3%82%92%E6%8A%BC%E3%81%99%E3%81%A0%E3%81%91%E3%81%A7%E3%82%AD%E3%83%AC%E3%82%A4%E3%81%AB%E6%92%AE%E3%82%8C%E3%82%8B/dp/B01N6P7BX1,https://search.rakuten.co.jp/search/mall/EXILIM+EX-ZS240/
79,80,https://www.amazon.co.jp/%E3%83%87%E3%82%B8%E3%82%BF%E3%83%AB%E3%82%AB%E3%83%A1%E3%83%A9-%E3%83%A9%E3%82%A4%E3%82%ABD-LUX-1280%E4%B8%87%E7%94%BB%E7%B4%A0-%E5%85%89%E5%AD%A63-1%E5%80%8D%E3%82%BA%E3%83%BC%E3%83%A0-18471/dp/B00PI7HD28,https://search.rakuten.co.jp/search/mall/D-LUX+Typ+109/
80,81,https://www.amazon.co.jp/RICOH-THETA-360%E5%BA%A6-%E5%85%A8%E5%A4%A9%E7%90%83%E3%82%AB%E3%83%A1%E3%83%A9-910720/dp/B014US3FQI,https://search.rakuten.co.jp/search/mall/RICOH+THETA+S/
81,82,https://www.amazon.co.jp/%E3%83%87%E3%82%B8%E3%82%BF%E3%83%AB%E3%82%AB%E3%83%A1%E3%83%A9-131%E4%B8%87%E7%94%BB%E7%B4%A0-%E5%8B%95%E7%94%BB%E3%83%BB%E9%9D%99%E6%AD%A2%E7%94%BB%E6%92%AE%E5%BD%B1%E5%8F%AF%E8%83%BD-%E3%82%B9%E3%82%AB%E3%82%A4%E3%83%96%E3%83%AB%E3%83%BC-DSC-PIENI-SB/dp/B01IHM92FG/ref=sr_1_1?ie=UTF8&qid=1546649127&sr=8-1&keywords=DSC-Pieni,https://search.rakuten.co.jp/search/mall/DSC-Pieni/
82,83,https://www.amazon.co.jp/%E3%83%87%E3%82%B8%E3%82%BF%E3%83%AB%E3%82%AB%E3%83%A1%E3%83%A9-COOLPIX-%E5%85%89%E5%AD%A68%E5%80%8D%E3%82%BA%E3%83%BC%E3%83%A0-2005%E4%B8%87%E7%94%BB%E7%B4%A0-A300SL/dp/B01C3S7450,https://search.rakuten.co.jp/search/mall/COOLPIX+A300/
83,84,https://www.amazon.co.jp/CASIO-%E3%82%AB%E3%82%B7%E3%82%AA-EX-ZR4100BK-%E3%83%87%E3%82%B8%E3%82%BF%E3%83%AB%E3%82%AB%E3%83%A1%E3%83%A9EXILIM-EX-ZR4100%E3%83%96%E3%83%A9%E3%83%83%E3%82%AF/dp/B074QVQ1XY,https://search.rakuten.co.jp/search/mall/HIGH+SPEED+EXILIM+EX-ZR4100/
84,85,https://www.amazon.co.jp/CASIO-%E3%82%AB%E3%82%B7%E3%82%AA-GZE1BK-%E3%82%AB%E3%82%B7%E3%82%AA%E8%A8%88%E7%AE%97%E6%A9%9F-GZE-1BK/dp/B076LB5P6V,https://search.rakuten.co.jp/search/mall/G'z+EYE+GZE-1/
85,86,https://www.amazon.co.jp/%E3%83%91%E3%83%8A%E3%82%BD%E3%83%8B%E3%83%83%E3%82%AF-%E3%82%B3%E3%83%B3%E3%83%91%E3%82%AF%E3%83%88%E3%83%87%E3%82%B8%E3%82%BF%E3%83%AB%E3%82%AB%E3%83%A1%E3%83%A9-%E3%83%AB%E3%83%9F%E3%83%83%E3%82%AF%E3%82%B9-4K%E5%8B%95%E7%94%BB%E5%AF%BE%E5%BF%9C-DC-FT7-D/dp/B07GR5RFWG,https://search.rakuten.co.jp/search/mall/LUMIX+DC-FT7/
86,87,https://www.amazon.co.jp/CASIO-EXFR10EO-%E3%82%B3%E3%83%B3%E3%83%88%E3%83%AD%E3%83%BC%E3%83%AB%E9%83%A8%E5%88%86%E9%9B%A2-%E3%83%95%E3%83%AA%E3%83%BC%E3%82%B9%E3%82%BF%E3%82%A4%E3%83%AB%E3%82%AB%E3%83%A1%E3%83%A9-EX-FR10EO/dp/B00N1KT21O,https://search.rakuten.co.jp/search/mall/EXILIM+EX-FR10/
87,88,https://www.amazon.co.jp/%E3%82%BD%E3%83%8B%E3%83%BC-SONY-%E3%83%87%E3%82%B8%E3%82%BF%E3%83%AB%E3%82%B9%E3%83%81%E3%83%AB%E3%82%AB%E3%83%A1%E3%83%A9-2430%E4%B8%87%E7%94%BB%E7%B4%A0CMOS-DSC-RX1/dp/B009O06WY0,https://search.rakuten.co.jp/search/mall/サイバーショット+DSC-RX1R/
88,89,https://www.amazon.co.jp/DSCPRO14-IP58%E9%98%B2%E6%B0%B4%E9%98%B2%E5%A1%B5-1-5m%E8%80%90%E8%90%BD%E4%B8%8B%E8%A1%9D%E6%92%83-%E3%83%87%E3%83%A5%E3%82%A2%E3%83%AB%E3%83%A2%E3%83%8B%E3%82%BF%E3%83%BC%E6%90%AD%E8%BC%89-434963/dp/B071RN462W,https://search.rakuten.co.jp/search/mall/DSC+PRO14/
89,90,https://www.amazon.co.jp/Canon-%E3%83%87%E3%82%B8%E3%82%BF%E3%83%AB%E3%82%AB%E3%83%A1%E3%83%A9-%E3%83%96%E3%83%A9%E3%83%83%E3%82%AF-%E5%85%89%E5%AD%A610%E5%80%8D%E3%82%BA%E3%83%BC%E3%83%A0-IXY190BK/dp/B01BWKOPI4,https://search.rakuten.co.jp/search/mall/IXY+190/
90,91,https://www.amazon.co.jp/Nikon-%E3%83%87%E3%82%B8%E3%82%BF%E3%83%AB%E3%82%AB%E3%83%A1%E3%83%A9-COOLPIX-W300-%E3%82%AF%E3%83%BC%E3%83%AB%E3%83%94%E3%82%AF%E3%82%B9/dp/B071GTXTC7,https://search.rakuten.co.jp/search/mall/COOLPIX+AW130/
91,92,https://www.amazon.co.jp/RICOH-%E3%83%87%E3%82%B8%E3%82%BF%E3%83%AB%E3%82%AB%E3%83%A1%E3%83%A9-THETA-360%E5%BA%A6%E3%82%AB%E3%83%A1%E3%83%A9-0910700/dp/B00OZCM70K,https://search.rakuten.co.jp/search/mall/RICOH+THETA+m15/
92,93,https://www.amazon.co.jp/%E3%83%87%E3%82%B8%E3%82%BF%E3%83%AB%E3%82%AB%E3%83%A1%E3%83%A9-dp0Quattro-FoveonX3-%E6%9C%89%E5%8A%B9%E7%94%BB%E7%B4%A0%E6%95%B02-900%E4%B8%87%E7%94%BB%E7%B4%A0/dp/B00ZHILN10,https://search.rakuten.co.jp/search/mall/SIGMA+dp0+Quattro/
93,94,https://www.amazon.co.jp/%E3%82%BD%E3%83%8B%E3%83%BC-SONY-DSC-RX10M2-%E3%82%BA%E3%83%BC%E3%83%A0%E5%85%A8%E5%9F%9FF2-8-Cyber-shot/dp/B010EWI5J6,https://search.rakuten.co.jp/search/mall/サイバーショット+DSC-RX10M2/
94,95,https://www.amazon.co.jp/Canon-%E3%83%87%E3%82%B8%E3%82%BF%E3%83%AB%E3%82%AB%E3%83%A1%E3%83%A9-%E3%82%B7%E3%83%AB%E3%83%90%E3%83%BC-%E5%85%89%E5%AD%A68%E5%80%8D%E3%82%BA%E3%83%BC%E3%83%A0-IXY180SL/dp/B01BWKOQQU,https://search.rakuten.co.jp/search/mall/IXY+160/
95,96,https://www.amazon.co.jp/%E3%82%B3%E3%83%B3%E3%83%91%E3%82%AF%E3%83%88%E3%83%87%E3%82%B8%E3%82%BF%E3%83%AB%E3%82%AB%E3%83%A1%E3%83%A9-SH-3-%E5%85%89%E5%AD%A6%E5%BC%8F5%E8%BB%B8%E6%89%8B%E3%81%B6%E3%82%8C%E8%A3%9C%E6%AD%A3-%E8%B6%85%E8%A7%A3%E5%83%8F48%E5%80%8D%E3%82%BA%E3%83%BC%E3%83%A0-BLK/dp/B01BL2AY06,https://search.rakuten.co.jp/search/mall/OLYMPUS+STYLUS+SH-3/
96,97,https://www.amazon.co.jp/%E3%83%87%E3%82%B8%E3%82%BF%E3%83%AB%E3%82%AB%E3%83%A1%E3%83%A9-DP3Merrill-600%E4%B8%87%E7%94%BB%E7%B4%A0-FoveonX3%E3%83%80%E3%82%A4%E3%83%AC%E3%82%AF%E3%83%88%E3%82%A4%E3%83%A1%E3%83%BC%E3%82%B8%E3%82%BB%E3%83%B3%E3%82%B5%E3%83%BC-929558/dp/B00B5P5XUG,https://search.rakuten.co.jp/search/mall/SIGMA+dp3+Quattro/
97,98,https://www.amazon.co.jp/%E9%98%B2%E6%B0%B4%E3%83%87%E3%83%A5%E3%82%A2%E3%83%AB%E3%83%A2%E3%83%8B%E3%82%BF%E3%83%BC%E3%83%87%E3%82%B8%E3%82%BF%E3%83%AB%E3%82%AB%E3%83%A1%E3%83%A9-DSC1480DW-IPX8%E7%9B%B8%E5%BD%93%E9%98%B2%E6%B0%B4-1-5m%E8%80%90%E8%90%BD%E4%B8%8B%E8%A1%9D%E6%92%83-434758/dp/B011XMWK9C,https://search.rakuten.co.jp/search/mall/DSC1480DW/
98,99,https://www.amazon.co.jp/FUJIFILM-%E3%83%87%E3%82%B8%E3%82%BF%E3%83%AB%E3%82%AB%E3%83%A1%E3%83%A9-X100T-%E3%82%B7%E3%83%AB%E3%83%90%E3%83%BC-FX-X100T/dp/B00NGFLOI8,https://search.rakuten.co.jp/search/mall/FUJIFILM+X100T/
99,100,https://www.amazon.co.jp/%E3%82%BD%E3%83%8B%E3%83%BC-SONY-%E3%83%87%E3%82%B8%E3%82%BF%E3%83%AB%E3%82%B9%E3%83%81%E3%83%AB%E3%82%AB%E3%83%A1%E3%83%A9-2430%E4%B8%87%E7%94%BB%E7%B4%A0CMOS-DSC-RX1/dp/B009O06WY0,https://search.rakuten.co.jp/search/mall/サイバーショット+DSC-RX1/
100,101,https://www.amazon.co.jp/Ricoh-GR-II-Digital-Camera/dp/B01D40AJQC/ref=sr_1_1?ie=UTF8&qid=1546649159&sr=8-1&keywords=GR+II+Premium+Kit,https://search.rakuten.co.jp/search/mall/GR+II+Premium+Kit/
101,102,https://www.amazon.co.jp/%E3%82%A8%E3%83%AC%E3%82%B3%E3%83%A0-360%E5%BA%A6%E3%82%AB%E3%83%A1%E3%83%A9-%E3%82%AA%E3%83%A0%E3%83%8B%E3%82%B7%E3%83%A7%E3%83%83%E3%83%88-%E5%85%A8%E5%A4%A9%E7%90%83%E3%82%AB%E3%83%A1%E3%83%A9-OCAM-VRW01BK/dp/B077X6D87W,https://search.rakuten.co.jp/search/mall/OMNI+shot+OCAM-VRW01BK/
102,103,https://www.amazon.co.jp/%E3%83%87%E3%82%B8%E3%82%BF%E3%83%AB%E3%82%AB%E3%83%A1%E3%83%A9-COOLPIX-%E5%85%89%E5%AD%A640%E5%80%8D%E3%82%BA%E3%83%BC%E3%83%A0-1602%E4%B8%87%E7%94%BB%E7%B4%A0-B500BK/dp/B01C3S7B7G,https://search.rakuten.co.jp/search/mall/COOLPIX+L840/
103,104,https://www.amazon.co.jp/%E3%83%87%E3%82%B8%E3%82%BF%E3%83%AB%E3%82%AB%E3%83%A1%E3%83%A9-dp2Quattro-900%E4%B8%87%E7%94%BB%E7%B4%A0-FoveonX3%E3%83%80%E3%82%A4%E3%83%AC%E3%82%AF%E3%83%88%E3%82%A4%E3%83%A1%E3%83%BC%E3%82%B8%E3%82%BB%E3%83%B3%E3%82%B5%E3%83%BC-930257/dp/B00KXNIBPK/ref=sr_1_1?ie=UTF8&qid=1546649189&sr=8-1&keywords=SIGMA+dp2+Quattro,https://search.rakuten.co.jp/search/mall/HIGH+SPEED+EXILIM+EX-100F/
104,105,https://www.amazon.co.jp/%E3%83%87%E3%82%B8%E3%82%BF%E3%83%AB%E3%82%AB%E3%83%A1%E3%83%A9-dp2Quattro-900%E4%B8%87%E7%94%BB%E7%B4%A0-FoveonX3%E3%83%80%E3%82%A4%E3%83%AC%E3%82%AF%E3%83%88%E3%82%A4%E3%83%A1%E3%83%BC%E3%82%B8%E3%82%BB%E3%83%B3%E3%82%B5%E3%83%BC-930257/dp/B00KXNIBPK,https://search.rakuten.co.jp/search/mall/SIGMA+dp2+Quattro/
105,106,https://www.amazon.co.jp/%E3%83%87%E3%82%B8%E3%82%BF%E3%83%AB%E3%82%AB%E3%83%A1%E3%83%A9-dp1Quattro-900%E4%B8%87%E7%94%BB%E7%B4%A0-FoveonX3%E3%83%80%E3%82%A4%E3%83%AC%E3%82%AF%E3%83%88%E3%82%A4%E3%83%A1%E3%83%BC%E3%82%B8%E3%82%BB%E3%83%B3%E3%82%B5%E3%83%BC-930585/dp/B00NJ9K6GM,https://search.rakuten.co.jp/search/mall/SIGMA+dp1+Quattro/
106,107,https://www.amazon.co.jp/%E3%82%BD%E3%83%8B%E3%83%BC-SONY-%E3%83%87%E3%82%B8%E3%82%BF%E3%83%AB%E3%82%AB%E3%83%A1%E3%83%A9-Cyber-shot-DSC-RX10M4/dp/B075NCK1W2,https://search.rakuten.co.jp/search/mall/サイバーショット+DSC-RX10/
107,108,https://www.amazon.co.jp/%E3%82%BD%E3%83%8B%E3%83%BC-SONY-%E3%83%87%E3%82%B8%E3%82%BF%E3%83%AB%E3%82%AB%E3%83%A1%E3%83%A9-Cyber-shot-DSC-W810-S/dp/B00M9GW22W,https://search.rakuten.co.jp/search/mall/サイバーショット+DSC-W810/
108,109,https://www.amazon.co.jp/FUJIFILM-%E3%83%87%E3%82%B8%E3%82%BF%E3%83%AB%E3%82%AB%E3%83%A1%E3%83%A9-S8600B-%E3%83%96%E3%83%A9%E3%83%83%E3%82%AF-FX-S8600/dp/B00I01B1TA,https://search.rakuten.co.jp/search/mall/FinePix+S8600/
109,110,https://www.amazon.co.jp/CASIO-%E3%83%87%E3%82%B8%E3%82%BF%E3%83%AB%E3%82%AB%E3%83%A1%E3%83%A9-EXILIM-%E8%87%AA%E5%88%86%E6%92%AE%E3%82%8A%E3%83%81%E3%83%AB%E3%83%88%E6%B6%B2%E6%99%B6-EX-ZR1700WR/dp/B01AT294JG/ref=sr_1_fkmr0_1?ie=UTF8&qid=1546649246&sr=8-1-fkmr0&keywords=HIGH+SPEED+EXILIM+EX-SA10,https://search.rakuten.co.jp/search/mall/HIGH+SPEED+EXILIM+EX-SA10+GSET/
110,111,https://www.amazon.co.jp/Kodak-WP1-PIXPRO-%E9%98%B2%E6%B0%B4%E5%AF%BE%E5%BF%9C%E3%82%B9%E3%83%9D%E3%83%BC%E3%83%84%E3%82%AB%E3%83%A1%E3%83%A9-1615%E4%B8%87%E7%94%BB%E7%B4%A0/dp/B00XVAW2IO,https://search.rakuten.co.jp/search/mall/PIXPRO+WP1/
111,112,https://www.amazon.co.jp/Canon-%E3%83%87%E3%82%B8%E3%82%BF%E3%83%AB%E3%82%AB%E3%83%A1%E3%83%A9-PowerShot-%E5%85%89%E5%AD%A640%E5%80%8D%E3%82%BA%E3%83%BC%E3%83%A0-PSSX720HSBK/dp/B01BWKOR4Q,https://search.rakuten.co.jp/search/mall/PowerShot+SX710+HS/
112,113,https://www.amazon.co.jp/dp/B077ZG4S1C?SubscriptionId=0571BBGTQZ5YYPEDSY02&tag=kakaku-subtag-22&ascsubtag=kakaku-pc-camera-22_B077ZG4S1C_K0001044907_8c7_85bd3ffe9ac344dd8f36c3e76800532c9&linkCode=xm2&camp=2025&creative=165953&creativeASIN=B077ZG4S1C&me=AN1VRQENFRJN5,https://search.rakuten.co.jp/search/mall/JOY500C3/
113,114,https://www.amazon.co.jp/Kodak-Friendly-FZ152-Black-FZ152-BK/dp/B012T29V06/ref=sr_1_fkmr0_1?ie=UTF8&qid=1546649352&sr=8-1-fkmr0&keywords=PIXPRO+FZ152,https://search.rakuten.co.jp/search/mall/PIXPRO+FZ152/
114,115,https://www.amazon.co.jp/RICOH-%E3%83%87%E3%82%B8%E3%82%BF%E3%83%AB%E3%82%AB%E3%83%A1%E3%83%A9-APS-C%E3%82%B5%E3%82%A4%E3%82%BACMOS%E3%82%BB%E3%83%B3%E3%82%B5%E3%83%BC-%E3%83%AD%E3%83%BC%E3%83%91%E3%82%B9%E3%83%95%E3%82%A3%E3%83%AB%E3%82%BF%E3%83%AC%E3%82%B9-175840/dp/B00ZVWI3VA,https://search.rakuten.co.jp/search/mall/RICOH+GR/
115,116,https://www.amazon.co.jp/%E3%83%87%E3%82%B8%E3%82%BF%E3%83%AB%E3%82%AB%E3%83%A1%E3%83%A9-%E3%83%A9%E3%82%A4%E3%82%ABV-LUX-2010%E4%B8%87%E7%94%BB%E7%B4%A0-%E5%85%89%E5%AD%A616%E5%80%8D%E3%82%BA%E3%83%BC%E3%83%A0-18194/dp/B00O4OTQQM,https://search.rakuten.co.jp/search/mall/V-LUX+Typ+114/
116,117,https://www.amazon.co.jp/Nikon-%E3%83%87%E3%82%B8%E3%82%BF%E3%83%AB%E3%82%AB%E3%83%A1%E3%83%A9-COOLPIX-2005%E4%B8%87%E7%94%BB%E7%B4%A0-A100SL/dp/B01ALAZOQI,https://search.rakuten.co.jp/search/mall/COOLPIX+S2900/
117,118,https://www.amazon.co.jp/CASIO-EXILIM-%E3%83%87%E3%82%B8%E3%82%BF%E3%83%AB%E3%82%AB%E3%83%A1%E3%83%A9-%E5%BF%AB%E9%81%A9%E3%82%B7%E3%83%A3%E3%83%83%E3%82%BF%E3%83%BC%E3%83%96%E3%83%A9%E3%83%83%E3%82%AF-EX-ZR1000BK/dp/B009VSO46I/ref=sr_1_1?ie=UTF8&qid=1546649420&sr=8-1&keywords=EXILIM+EX-ZR1000,https://search.rakuten.co.jp/search/mall/HIGH+SPEED+EXILIM+EX-ZR1000/
118,119,https://www.amazon.co.jp/OLYMPUS-%E3%83%87%E3%82%B8%E3%82%BF%E3%83%AB%E3%82%AB%E3%83%A1%E3%83%A9-SH-2-%E5%85%89%E5%AD%A6%E5%BC%8F5%E8%BB%B8%E6%89%8B%E3%81%B6%E3%82%8C%E8%A3%9C%E6%AD%A3-%E8%B6%85%E8%A7%A3%E5%83%8F48%E5%80%8D%E3%82%BA%E3%83%BC%E3%83%A0/dp/B00UKLAZ72/ref=sr_1_1?ie=UTF8&qid=1546649444&sr=8-1&keywords=OLYMPUS+STYLUS+SH-2,https://search.rakuten.co.jp/search/mall/OLYMPUS+STYLUS+SH-2/
119,120,https://www.amazon.co.jp/%E3%83%87%E3%82%B8%E3%82%BF%E3%83%AB%E3%82%AB%E3%83%A1%E3%83%A9-PowerShot-%E5%BA%83%E8%A7%9224mm-%E5%85%89%E5%AD%A625%E5%80%8D%E3%82%BA%E3%83%BC%E3%83%A0-PSG3X/dp/B00ZWIAB4K/ref=sr_1_1?ie=UTF8&qid=1546649500&sr=8-1&keywords=PowerShot+G3,https://search.rakuten.co.jp/search/mall/PowerShot+G3+X+EVF+KIT/
120,121,https://www.amazon.co.jp/PowerShot-%E5%85%89%E5%AD%A63-0%E5%80%8D%E3%82%BA%E3%83%BC%E3%83%A0-1-0%E5%9E%8B%E3%82%BB%E3%83%B3%E3%82%B5%E3%83%BC-PSG9X-BK/dp/B016JZFXT2,https://search.rakuten.co.jp/search/mall/PowerShot+G9+X/
121,122,https://www.amazon.co.jp/COOLPIX-S9400-%E5%85%89%E5%AD%A618%E5%80%8D%E3%82%BA%E3%83%BC%E3%83%A0-%E6%9C%89%E5%8A%B9%E7%94%BB%E7%B4%A0%E6%95%B01811%E4%B8%87%E7%94%BB%E7%B4%A0-%E3%82%A8%E3%83%AC%E3%82%AC%E3%83%B3%E3%83%88%E3%83%9B%E3%83%AF%E3%82%A4%E3%83%88/dp/B00B7FO3K0,https://search.rakuten.co.jp/search/mall/COOLPIX+S9400/
122,123,https://www.amazon.co.jp/CASIO-%E3%83%87%E3%82%B8%E3%82%BF%E3%83%AB%E3%82%AB%E3%83%A1%E3%83%A9-EXILIM-%E5%85%89%E5%AD%A66%E5%80%8D%E3%82%BA%E3%83%BC%E3%83%A0-EX-ZS29SR/dp/B06WWRNFDR,https://search.rakuten.co.jp/search/mall/EXILIM+EX-ZS28/
123,124,https://www.amazon.co.jp/Samsung-SM-R210NZWAXJP-%E3%82%B5%E3%83%A0%E3%82%B9%E3%83%B3-4K%E5%AF%BE%E5%BF%9C360%C2%B0%E3%82%AB%E3%83%A1%E3%83%A9%E3%80%8CGear-360%EF%BC%882017%EF%BC%89%E3%80%8D/dp/B071VZZ4LX,https://search.rakuten.co.jp/search/mall/Gear+360(2017)+SM-R210NZWAXJP/
124,125,https://www.amazon.co.jp/GREEN-HOUSE-%E3%83%9F%E3%83%8B%E3%83%87%E3%82%B8%E3%82%BF%E3%83%AB%E3%83%88%E3%82%A4%E3%82%AB%E3%83%A1%E3%83%A9-30%E4%B8%87%E7%94%BB%E7%B4%A0-GH-TCAM30PG/dp/B005HSSWKK/ref=sr_1_1?ie=UTF8&qid=1546649522&sr=8-1&keywords=GH-TCAM30PG,https://search.rakuten.co.jp/search/mall/GH-TCAM30PG/
125,126,https://www.amazon.co.jp/CASIO-EXZR1100WE-%E8%87%AA%E5%88%86%E6%92%AE%E3%82%8A%E3%83%81%E3%83%AB%E3%83%88%E6%B6%B2%E6%99%B6-%E5%85%89%E5%AD%A612-5%E5%80%8D%E3%82%BA%E3%83%BC%E3%83%A0-EX-ZR1100WE/dp/B00F29UKW2/ref=sr_1_1?ie=UTF8&qid=1546649551&sr=8-1&keywords=EXILIM+EX-ZR1100,https://search.rakuten.co.jp/search/mall/HIGH+SPEED+EXILIM+EX-ZR1100/
126,127,https://www.amazon.co.jp/CASIO-%E3%83%87%E3%82%B8%E3%82%BF%E3%83%AB%E3%82%AB%E3%83%A1%E3%83%A9-EXILIM-%E8%87%AA%E5%88%86%E6%92%AE%E3%82%8A%E3%83%81%E3%83%AB%E3%83%88%E6%B6%B2%E6%99%B6-EX-ZR1700GD/dp/B01AT294KK/ref=sr_1_1?ie=UTF8&qid=1546649656&sr=8-1&keywords=EXILIM+ZR1700,https://search.rakuten.co.jp/search/mall/HIGH+SPEED+EXILIM+EX-ZR1750/
127,128,https://www.amazon.co.jp/%E3%83%87%E3%82%B8%E3%82%BF%E3%83%AB%E3%82%AB%E3%83%A1%E3%83%A9-PowerShot-%E5%85%89%E5%AD%A618%E5%80%8D%E3%82%BA%E3%83%BC%E3%83%A0-PSSX610HS-WH/dp/B00T90ES7I,https://search.rakuten.co.jp/search/mall/PowerShot+SX610+HS/
128,129,https://www.amazon.co.jp/Polaroid-%E3%83%87%E3%82%B8%E3%82%BF%E3%83%AB%E3%82%AB%E3%83%A1%E3%83%A9-t1235-%E3%83%9F%E3%83%83%E3%83%89%E3%83%8A%E3%82%A4%E3%83%88%E3%83%96%E3%83%AB%E3%83%BC-CTJ-1235L/dp/B003CYLRN0,https://search.rakuten.co.jp/search/mall/t1235/
129,130,https://www.amazon.co.jp/%E3%82%BD%E3%83%8B%E3%83%BC-%E3%83%87%E3%82%B8%E3%82%BF%E3%83%AB%E3%82%AB%E3%83%A1%E3%83%A9-%E3%82%B5%E3%82%A4%E3%83%90%E3%83%BC%E3%82%B7%E3%83%A7%E3%83%83%E3%83%88-%E3%83%AC%E3%83%B3%E3%82%BA%E3%82%B9%E3%82%BF%E3%82%A4%E3%83%AB%E3%82%AB%E3%83%A1%E3%83%A9-DSC-QX10/dp/B00EU89CMK,https://search.rakuten.co.jp/search/mall/サイバーショット+DSC-QX10/
130,131,https://www.amazon.co.jp/SONY-%E3%83%87%E3%82%B8%E3%82%BF%E3%83%AB%E3%82%AB%E3%83%A1%E3%83%A9-Cyber-shot-%E3%83%AC%E3%83%B3%E3%82%BA%E3%82%B9%E3%82%BF%E3%82%A4%E3%83%AB%E3%82%AB%E3%83%A1%E3%83%A9-DSC-QX100/dp/B00F4MMFQ6,https://search.rakuten.co.jp/search/mall/サイバーショット+DSC-QX100/
131,132,https://www.amazon.co.jp/%E3%83%96%E3%83%AA%E3%83%B3%E3%83%8E-Brinno-BCC100-%E9%98%B2%E6%B0%B4%E5%BB%BA%E7%AF%89%E9%A2%A8%E6%99%AF%E3%82%BF%E3%82%A4%E3%83%A0%E3%83%A9%E3%83%97%E3%82%B9%E3%82%AB%E3%83%A1%E3%83%A9/dp/B00EA1EODE,https://search.rakuten.co.jp/search/mall/BCC100/
132,133,https://www.amazon.co.jp/Cheese-131%E4%B8%87%E7%94%BB%E7%B4%A0-%E5%8B%95%E7%94%BB%E3%83%BB%E9%9D%99%E6%AD%A2%E7%94%BB%E6%92%AE%E5%BD%B1%E5%8F%AF%E8%83%BD-microSD%E3%82%AB%E3%83%BC%E3%83%89%E5%AF%BE%E5%BF%9C-DSC-PIENI/dp/B0787K2Y34,https://search.rakuten.co.jp/search/mall/DSC+Pieni+Cheese/
133,134,https://www.amazon.co.jp/CASIO-%E3%83%87%E3%82%B8%E3%82%BF%E3%83%AB%E3%82%AB%E3%83%A1%E3%83%A9-EXILIM-EX-FR200CA-FR200BK%E3%81%AE%E3%82%B3%E3%83%B3%E3%83%88%E3%83%AD%E3%83%BC%E3%83%A9%E9%83%A8%E3%81%A7%E4%BD%BF%E7%94%A8%E5%8F%AF%E8%83%BD/dp/B01JRFQE30/ref=sr_1_1?ie=UTF8&qid=1546649778&sr=8-1&keywords=EX-FR200CA,https://search.rakuten.co.jp/search/mall/EXILIM+EX-FR200CA/
134,135,https://www.amazon.co.jp/HDC-1471-%E6%97%A5%E7%AB%8B-%E3%83%87%E3%82%B8%E3%82%BF%E3%83%AB%E3%82%AB%E3%83%A1%E3%83%A9-HDC-1471/dp/B00E3SHMQK/ref=sr_1_fkmr0_1?ie=UTF8&qid=1546649807&sr=8-1-fkmr0&keywords=i.mega+HDC-1471,https://search.rakuten.co.jp/search/mall/i.mega+HDC-1471/
135,136,https://www.amazon.co.jp/Canon-%E3%83%87%E3%82%B8%E3%82%BF%E3%83%AB%E3%82%AB%E3%83%A1%E3%83%A9-PowerShot-PSSX210IS-BK/dp/B0037NX6DA/ref=sr_1_2?ie=UTF8&qid=1546649835&sr=8-2&keywords=PowerShot+SX210+IS,https://search.rakuten.co.jp/search/mall/PowerShot+SX210+IS/
136,137,https://www.amazon.co.jp/%E3%83%87%E3%82%B8%E3%82%BF%E3%83%AB%E3%82%AB%E3%83%A1%E3%83%A9-dp0Quattro-FoveonX3-%E6%9C%89%E5%8A%B9%E7%94%BB%E7%B4%A0%E6%95%B02-900%E4%B8%87%E7%94%BB%E7%B4%A0/dp/B010A6ESOM/ref=sr_1_1?ie=UTF8&qid=1546649873&sr=8-1&keywords=SIGMA%2Bdp0%2BQuattro%2BLCD&th=1,https://search.rakuten.co.jp/search/mall/SIGMA+dp0+Quattro+LCD+ビューファインダーキット/
137,138,https://www.amazon.co.jp/%E3%83%87%E3%82%B8%E3%82%BF%E3%83%AB%E3%82%AB%E3%83%A1%E3%83%A9-dp0Quattro-FoveonX3-%E6%9C%89%E5%8A%B9%E7%94%BB%E7%B4%A0%E6%95%B02-900%E4%B8%87%E7%94%BB%E7%B4%A0/dp/B01BXUJBYG/ref=sr_1_1?ie=UTF8&qid=1546649873&sr=8-1&keywords=SIGMA%2Bdp0%2BQuattro%2BLCD&th=1,https://search.rakuten.co.jp/search/mall/SIGMA+dp1+Quattro+LCDビューファインダーキット/
138,139,https://www.amazon.co.jp/%E3%82%B7%E3%82%B0%E3%83%9E-ZG900-%E3%83%87%E3%82%B8%E3%82%BF%E3%83%AB%E3%82%AB%E3%83%A1%E3%83%A9-dp3Quattro-LCD%E3%83%93%E3%83%A5%E3%83%BC%E3%83%95%E3%82%A1%E3%82%A4%E3%83%B3%E3%83%80%E3%83%BC%E3%82%AD%E3%83%83%E3%83%88/dp/B01BXUJB96,https://search.rakuten.co.jp/search/mall/SIGMA+dp3+Quattro+LCDビューファインダーキット/
139,140,https://www.amazon.co.jp/%E3%83%96%E3%83%AA%E3%83%B3%E3%83%8E-Brinno-TLC120-16GB-HDR%E3%82%B3%E3%83%9E%E6%92%AE%E3%82%8AWiFi%E3%82%AB%E3%83%A1%E3%83%A9tlc120/dp/B01I0HBA9E,https://search.rakuten.co.jp/search/mall/TLC120/
140,141,https://www.amazon.co.jp/%E3%82%AD%E3%83%A4%E3%83%8E%E3%83%B3-EOS-Kiss-%E3%83%9C%E3%83%87%E3%82%A3-%E3%83%96%E3%83%A9%E3%83%83%E3%82%AF/dp/B07B3RLXJG,https://search.rakuten.co.jp/search/mall/EOS+Kiss+M+ボディ/
141,142,https://www.amazon.co.jp/%E3%82%BD%E3%83%8B%E3%83%BC-SONY-%E3%83%9F%E3%83%A9%E3%83%BC%E3%83%AC%E3%82%B9%E4%B8%80%E7%9C%BC-III-ILCE-7M3/dp/B07B49TM91,https://search.rakuten.co.jp/search/mall/α7+III+ILCE-7M3+ボディ/
142,143,https://www.amazon.co.jp/%E3%82%BD%E3%83%8B%E3%83%BC-SONY-%E3%83%9F%E3%83%A9%E3%83%BC%E3%83%AC%E3%82%B9%E4%B8%80%E7%9C%BC-%CE%B16000-ILCE-6000/dp/B00I8BICCG,https://search.rakuten.co.jp/search/mall/α6000+ILCE-6000+ボディ/
143,144,https://www.amazon.co.jp/%E3%83%91%E3%83%8A%E3%82%BD%E3%83%8B%E3%83%83%E3%82%AF-%E3%83%9F%E3%83%A9%E3%83%BC%E3%83%AC%E3%82%B9%E4%B8%80%E7%9C%BC%E3%82%AB%E3%83%A1%E3%83%A9-%E3%83%AB%E3%83%9F%E3%83%83%E3%82%AF%E3%82%B9-%E3%83%96%E3%83%A9%E3%83%83%E3%82%AF-DC-G9-K/dp/B077HKWP63,https://search.rakuten.co.jp/search/mall/LUMIX+DC-G9+ボディ/
144,145,https://www.amazon.co.jp/Nikon-%E3%83%9F%E3%83%A9%E3%83%BC%E3%83%AC%E3%82%B9%E4%B8%80%E7%9C%BC-%E3%83%8B%E3%82%B3%E3%83%B3-Z7-%E3%83%9C%E3%83%87%E3%82%A3/dp/B07HY311R4/ref=sr_1_5?s=electronics&ie=UTF8&qid=1546649980&sr=1-5&keywords=z7+%E3%83%9C%E3%83%87%E3%82%A3,https://search.rakuten.co.jp/search/mall/Z+7+ボディ/
145,146,https://www.amazon.co.jp/%E3%83%91%E3%83%8A%E3%82%BD%E3%83%8B%E3%83%83%E3%82%AF-%E3%83%9F%E3%83%A9%E3%83%BC%E3%83%AC%E3%82%B9%E4%B8%80%E7%9C%BC%E3%82%AB%E3%83%A1%E3%83%A9-%E3%83%80%E3%83%96%E3%83%AB%E3%82%BA%E3%83%BC%E3%83%A0%E3%83%AC%E3%83%B3%E3%82%BA%E3%82%AD%E3%83%83%E3%83%88-%E6%A8%99%E6%BA%96%E3%82%BA%E3%83%BC%E3%83%A0%E3%83%AC%E3%83%B3%E3%82%BA-DC-GF9W-D/dp/B01MU7WC62,https://search.rakuten.co.jp/search/mall/LUMIX+DC-GF9W+ダブルレンズキット/
146,147,https://www.amazon.co.jp/Canon-%E3%83%9F%E3%83%A9%E3%83%BC%E3%83%AC%E3%82%B9%E4%B8%80%E7%9C%BC-EOS-R-BODY/dp/B07H8WYM4Z,https://search.rakuten.co.jp/search/mall/EOS+R+ボディ/
147,148,https://www.amazon.co.jp/%E3%82%BD%E3%83%8B%E3%83%BC-SONY-%E3%83%95%E3%83%AB%E3%82%B5%E3%82%A4%E3%82%BA%E3%83%9F%E3%83%A9%E3%83%BC%E3%83%AC%E3%82%B9%E4%B8%80%E7%9C%BC-%CE%B17RM3-ILCE-7RM3/dp/B07718K1B6,https://search.rakuten.co.jp/search/mall/α7R+III+ILCE-7RM3+ボディ/
148,149,https://www.amazon.co.jp/%E3%82%BD%E3%83%8B%E3%83%BC-SONY-%E3%83%9F%E3%83%A9%E3%83%BC%E3%83%AC%E3%82%B9%E4%B8%80%E7%9C%BC-%E3%83%9C%E3%83%87%E3%82%A3-ILCE-7M2/dp/B00PVHO6O8,https://search.rakuten.co.jp/search/mall/α7+II+ILCE-7M2+ボディ/
149,150,https://www.amazon.co.jp/OLYMPUS-%E3%83%9F%E3%83%A9%E3%83%BC%E3%83%AC%E3%82%B9%E4%B8%80%E7%9C%BC-OM-D-M10-MarkII/dp/B013QWFLLQ,https://search.rakuten.co.jp/search/mall/OM-D+E-M10+Mark+II+ボディ/
150,151,https://www.amazon.co.jp/FUJIFILM-%E3%83%9F%E3%83%A9%E3%83%BC%E3%83%AC%E3%82%B9%E4%B8%80%E7%9C%BC-X-T3%E3%83%9C%E3%83%87%E3%82%A3-%E3%83%96%E3%83%A9%E3%83%83%E3%82%AF-X-T3-B/dp/B07H3CW3LQ,https://search.rakuten.co.jp/search/mall/FUJIFILM+X-T3+ボディ/
151,152,https://www.amazon.co.jp/%E3%83%91%E3%83%8A%E3%82%BD%E3%83%8B%E3%83%83%E3%82%AF-%E3%83%9F%E3%83%A9%E3%83%BC%E3%83%AC%E3%82%B9%E4%B8%80%E7%9C%BC%E3%82%AB%E3%83%A1%E3%83%A9-%E3%83%AB%E3%83%9F%E3%83%83%E3%82%AF%E3%82%B9-1600%E4%B8%87%E7%94%BB%E7%B4%A0-DMC-G8-K/dp/B01LZIZ09S,https://search.rakuten.co.jp/search/mall/LUMIX+DMC-G8+ボディ/
152,153,https://www.amazon.co.jp/OLYMPUS-%E3%83%9F%E3%83%A9%E3%83%BC%E3%83%AC%E3%82%B9%E4%B8%80%E7%9C%BC-OM-D-M10-MarkIII/dp/B0756QLGKV,https://search.rakuten.co.jp/search/mall/OM-D+E-M10+Mark+III+ボディ/
153,154,https://www.amazon.co.jp/%E3%83%91%E3%83%8A%E3%82%BD%E3%83%8B%E3%83%83%E3%82%AF-%E3%83%9F%E3%83%A9%E3%83%BC%E3%83%AC%E3%82%B9%E4%B8%80%E7%9C%BC%E3%82%AB%E3%83%A1%E3%83%A9-%E3%83%AB%E3%83%9F%E3%83%83%E3%82%AF%E3%82%B9-GX7MK2-DMC-GX7MK2-K/dp/B01E357W5I,https://search.rakuten.co.jp/search/mall/LUMIX+DMC-GX7MK2+ボディ/
154,155,https://www.amazon.co.jp/FUJIFILM-%E3%83%9F%E3%83%A9%E3%83%BC%E3%83%AC%E3%82%B9%E4%B8%80%E7%9C%BC-X-T100%E3%83%80%E3%83%96%E3%83%AB%E3%82%BA%E3%83%BC%E3%83%A0%E3%83%AC%E3%83%B3%E3%82%BA%E3%82%AD%E3%83%83%E3%83%88-%E3%83%80%E3%83%BC%E3%82%AF%E3%82%B7%E3%83%AB%E3%83%90%E3%83%BC-X-T100WZLK-DS/dp/B07D83ZTWT/ref=sr_1_1_sspa?s=electronics&ie=UTF8&qid=1546650020&sr=1-1-spons&keywords=FUJIFILM%2BX-T100&th=1,https://search.rakuten.co.jp/search/mall/FUJIFILM+X-T100+ボディ/
155,156,https://www.amazon.co.jp/%E3%82%BD%E3%83%8B%E3%83%BC-SONY-ILCE-6500-%E3%83%9F%E3%83%A9%E3%83%BC%E3%83%AC%E3%82%B9%E4%B8%80%E7%9C%BC%E3%82%AB%E3%83%A1%E3%83%A9%E3%80%8C%CE%B16500%E3%80%8D%E3%83%9C%E3%83%87%E3%82%A3SONY/dp/B01MG8FE20,https://search.rakuten.co.jp/search/mall/α6500+ILCE-6500+ボディ/
156,157,https://www.amazon.co.jp/%E5%AF%8C%E5%A3%AB%E3%83%95%E3%82%A4%E3%83%AB%E3%83%A0-X-H1-FUJIFILM-%E3%83%9F%E3%83%A9%E3%83%BC%E3%83%AC%E3%82%B9%E4%B8%80%E7%9C%BC-X-H1%E3%83%96%E3%83%A9%E3%83%83%E3%82%AF/dp/B079SBHPG4/ref=sr_1_1?s=electronics&ie=UTF8&qid=1546650054&sr=1-1&keywords=FUJIFILM+X-H1,https://search.rakuten.co.jp/search/mall/FUJIFILM+X-H1+ボディ/
157,158,https://www.amazon.co.jp/Nikon-%E3%83%9F%E3%83%A9%E3%83%BC%E3%83%AC%E3%82%B9%E4%B8%80%E7%9C%BC-%E3%83%8B%E3%82%B3%E3%83%B3-FTZ%E3%83%9E%E3%82%A6%E3%83%B3%E3%83%88%E3%82%A2%E3%83%80%E3%83%97%E3%82%BF%E3%83%BC%E3%82%AD%E3%83%83%E3%83%88-Z6LK24-70FTZKIT/dp/B07HYB2JRC/ref=sr_1_1_sspa?s=electronics&ie=UTF8&qid=1546650220&sr=1-1-spons&keywords=z7&psc=1,https://search.rakuten.co.jp/search/mall/Z+7+24-70+FTZ+マウントアダプターキット/
158,159,https://www.amazon.co.jp/FUJIFILM-%E3%83%9F%E3%83%A9%E3%83%BC%E3%83%AC%E3%82%B9%E4%B8%80%E7%9C%BC-X-T20-%E3%83%96%E3%83%A9%E3%83%83%E3%82%AF-X-T20-B/dp/B01N12GXAA,https://search.rakuten.co.jp/search/mall/FUJIFILM+X-T20+ボディ/
159,160,https://www.amazon.co.jp/FUJIFILM-%E3%83%9F%E3%83%A9%E3%83%BC%E3%83%AC%E3%82%B9%E4%B8%80%E7%9C%BC-X-Pro2-%E3%83%9C%E3%83%87%E3%82%A3/dp/B01AN86G06,https://search.rakuten.co.jp/search/mall/FUJIFILM+X-Pro2+ボディ/
160,161,https://www.amazon.co.jp/%E3%82%BD%E3%83%8B%E3%83%BC-SONY-%E3%83%9F%E3%83%A9%E3%83%BC%E3%83%AC%E3%82%B9%E4%B8%80%E7%9C%BC-%CE%B16300-ILCE-6300/dp/B01C2UO8T4,https://search.rakuten.co.jp/search/mall/α6300+ILCE-6300+ボディ/
161,162,https://www.amazon.co.jp/OLYMPUS-%E3%83%9F%E3%83%A9%E3%83%BC%E3%83%AC%E3%82%B9%E4%B8%80%E7%9C%BC-PL9-%E3%83%9C%E3%83%87%E3%82%A3%E3%83%BC-%E3%83%96%E3%83%A9%E3%83%83%E3%82%AF/dp/B079LF6DMG,https://search.rakuten.co.jp/search/mall/OLYMPUS+PEN+E-PL9+ボディ/
162,163,https://www.amazon.co.jp/OLYMPUS-%E3%83%9F%E3%83%A9%E3%83%BC%E3%83%AC%E3%82%B9%E4%B8%80%E7%9C%BC-E-PL8-%E3%83%9C%E3%83%87%E3%82%A3%E3%83%BC-%E3%83%9B%E3%83%AF%E3%82%A4%E3%83%88/dp/B01LYHTBMF,https://search.rakuten.co.jp/search/mall/OLYMPUS+PEN+E-PL8+ボディ/
163,164,https://www.amazon.co.jp/FUJIFILM-%E3%83%9F%E3%83%A9%E3%83%BC%E3%83%AC%E3%82%B9%E4%B8%80%E7%9C%BC-X-T2-%E3%83%9C%E3%83%87%E3%82%A3-X-T2-B/dp/B01I2UFQIK,https://search.rakuten.co.jp/search/mall/FUJIFILM+X-T2+ボディ/
164,165,https://www.amazon.co.jp/%E3%82%BD%E3%83%8B%E3%83%BC-SONY-%E3%83%95%E3%83%AB%E3%82%B5%E3%82%A4%E3%82%BA%E3%83%9F%E3%83%A9%E3%83%BC%E3%83%AC%E3%82%B9%E4%B8%80%E7%9C%BC-%CE%B17RM2-ILCE-7RM2/dp/B0144AK71I,https://search.rakuten.co.jp/search/mall/α7R+II+ILCE-7RM2+ボディ/
165,166,https://www.amazon.co.jp/Canon-%E3%83%9F%E3%83%A9%E3%83%BC%E3%83%AC%E3%82%B9%E4%B8%80%E7%9C%BC%E3%82%AB%E3%83%A1%E3%83%A9-M100-%E3%83%96%E3%83%A9%E3%83%83%E3%82%AF-EOSM100BK-BODY/dp/B07574R35T,https://search.rakuten.co.jp/search/mall/EOS+M100+ボディ/
166,167,https://www.amazon.co.jp/%E3%82%BD%E3%83%8B%E3%83%BC-SONY-%E3%83%95%E3%83%AB%E3%82%B5%E3%82%A4%E3%82%BA%E3%83%9F%E3%83%A9%E3%83%BC%E3%83%AC%E3%82%B9%E4%B8%80%E7%9C%BC-%E3%83%9C%E3%83%87%E3%82%A3-ILCE-9/dp/B071KWV9PZ,https://search.rakuten.co.jp/search/mall/α9+ILCE-9+ボディ/
167,168,https://www.amazon.co.jp/OLYMPUS-%E3%83%9F%E3%83%A9%E3%83%BC%E3%83%AC%E3%82%B9%E4%B8%80%E7%9C%BC-OM-D-MarkII-MarkIIBody/dp/B00SMPL4WI,https://search.rakuten.co.jp/search/mall/OLYMPUS+OM-D+E-M5+Mark+II+ボディ/
168,169,https://www.amazon.co.jp/OLYMPUS-%E3%83%9F%E3%83%A9%E3%83%BC%E3%83%AC%E3%82%B9%E4%B8%80%E7%9C%BC-OM-D-12-40mm-%E3%83%97%E3%83%AD%E3%83%AC%E3%83%B3%E3%82%BA%E3%82%AD%E3%83%83%E3%83%88/dp/B01MSVKP76,https://search.rakuten.co.jp/search/mall/OM-D+E-M1+Mark+II+12-40mm+F2.8+PROキット/
169,170,https://www.amazon.co.jp/%E3%83%91%E3%83%8A%E3%82%BD%E3%83%8B%E3%83%83%E3%82%AF-%E3%83%9F%E3%83%A9%E3%83%BC%E3%83%AC%E3%82%B9%E4%B8%80%E7%9C%BC%E3%82%AB%E3%83%A1%E3%83%A9-%E3%83%AB%E3%83%9F%E3%83%83%E3%82%AF%E3%82%B9-GX7MK2-DMC-GX7MK2-K/dp/B01E357W5I,https://search.rakuten.co.jp/search/mall/LUMIX+DMC-GX7MK2-K+ボディ+[ブラック]/
170,171,https://www.amazon.co.jp/%E3%83%91%E3%83%8A%E3%82%BD%E3%83%8B%E3%83%83%E3%82%AF-%E3%83%9F%E3%83%A9%E3%83%BC%E3%83%AC%E3%82%B9%E4%B8%80%E7%9C%BC%E3%82%AB%E3%83%A1%E3%83%A9-%E3%83%AB%E3%83%9F%E3%83%83%E3%82%AF%E3%82%B9-GX7MK3-DC-GX7MK3-S/dp/B079TFTRYZ,https://search.rakuten.co.jp/search/mall/LUMIX+DC-GX7MK3+ボディ/
171,172,https://www.amazon.co.jp/%E3%82%BD%E3%83%8B%E3%83%BC-SONY-%E3%83%9F%E3%83%A9%E3%83%BC%E3%83%AC%E3%82%B9%E4%B8%80%E7%9C%BC-%CE%B15100-ILCE-5100-B/dp/B00MUFZC9C,https://search.rakuten.co.jp/search/mall/α5100+ILCE-5100+ボディ/
172,173,https://www.amazon.co.jp/FUJIFILM-%E3%83%9F%E3%83%A9%E3%83%BC%E3%83%AC%E3%82%B9%E4%B8%80%E7%9C%BC-X-T2-%E3%83%AC%E3%83%B3%E3%82%BA%E3%82%AD%E3%83%83%E3%83%88-X-T2LK-B/dp/B01I2UFR6G,https://search.rakuten.co.jp/search/mall/FUJIFILM+X-T2+レンズキット/
173,174,https://www.amazon.co.jp/%E5%AF%8C%E5%A3%AB%E3%83%95%E3%82%A4%E3%83%AB%E3%83%A0-X-A5-BW-FUJIFILM-%E3%83%9F%E3%83%A9%E3%83%BC%E3%83%AC%E3%82%B9%E4%B8%80%E7%9C%BC-X-A5%E3%83%96%E3%83%A9%E3%82%A6%E3%83%B3/dp/B079D2XMN1,https://search.rakuten.co.jp/search/mall/FUJIFILM+X-A5+ボディ/
174,175,https://www.amazon.co.jp/OLYMPUS-%E3%83%9F%E3%83%A9%E3%83%BC%E3%83%AC%E3%82%B9%E4%B8%80%E7%9C%BC-OM-D-MarkII-%E3%83%9C%E3%83%87%E3%82%A3%E3%83%BC/dp/B01M8PAJQ1,https://search.rakuten.co.jp/search/mall/OM-D+E-M1+Mark+II+ボディ/
175,176,https://www.amazon.co.jp/%E5%AF%8C%E5%A3%AB%E3%83%95%E3%82%A4%E3%83%AB%E3%83%A0-X-E3-B-FUJIFILM-%E3%83%9F%E3%83%A9%E3%83%BC%E3%83%AC%E3%82%B9%E4%B8%80%E7%9C%BC-X-E3%E3%83%96%E3%83%A9%E3%83%83%E3%82%AF/dp/B075CPZC47,https://search.rakuten.co.jp/search/mall/FUJIFILM+X-E3+ボディ/
176,177,https://www.amazon.co.jp/Nikon-%E3%83%9F%E3%83%A9%E3%83%BC%E3%83%AC%E3%82%B9%E4%B8%80%E7%9C%BC-%E3%83%8B%E3%82%B3%E3%83%B3-Z6-%E3%83%9C%E3%83%87%E3%82%A3/dp/B07HYC166S/ref=sr_1_1_sspa?s=electronics&ie=UTF8&qid=1546650167&sr=1-1-spons&keywords=z6&psc=1,https://search.rakuten.co.jp/search/mall/Z+6+ボディ/
177,178,https://www.amazon.co.jp/%E3%83%91%E3%83%8A%E3%82%BD%E3%83%8B%E3%83%83%E3%82%AF-%E3%83%9F%E3%83%A9%E3%83%BC%E3%83%AC%E3%82%B9%E4%B8%80%E7%9C%BC%E3%82%AB%E3%83%A1%E3%83%A9-%E3%83%AB%E3%83%9F%E3%83%83%E3%82%AF%E3%82%B9-%E3%83%96%E3%83%A9%E3%83%83%E3%82%AF-DC-GH5-K/dp/B01NAWQJ8E,https://search.rakuten.co.jp/search/mall/LUMIX+DC-GH5+ボディ/
178,179,https://www.amazon.co.jp/%E3%83%91%E3%83%8A%E3%82%BD%E3%83%8B%E3%83%83%E3%82%AF-%E3%83%9F%E3%83%A9%E3%83%BC%E3%83%AC%E3%82%B9%E4%B8%80%E7%9C%BC%E3%82%AB%E3%83%A1%E3%83%A9-%E3%83%80%E3%83%96%E3%83%AB%E3%83%AC%E3%83%B3%E3%82%BA%E3%82%AD%E3%83%83%E3%83%88-%E6%A8%99%E6%BA%96%E3%82%BA%E3%83%BC%E3%83%A0%E3%83%AC%E3%83%B3%E3%82%BA-DC-GF10W-W/dp/B079FC94RR,https://search.rakuten.co.jp/search/mall/LUMIX+DC-GF10W+ダブルレンズキット/
179,180,https://www.amazon.co.jp/%E3%83%9F%E3%83%A9%E3%83%BC%E3%83%AC%E3%82%B9%E4%B8%80%E7%9C%BC%E3%82%AB%E3%83%A1%E3%83%A9-%E3%83%80%E3%83%96%E3%83%AB%E3%82%BA%E3%83%BC%E3%83%A0%E3%82%AD%E3%83%83%E3%83%88-EF-M15-45mm-EF-M55-200mm-EOSM6BK-WZK/dp/B06W2KZ6XZ,https://search.rakuten.co.jp/search/mall/EOS+M6+ダブルズームキット/
180,181,https://www.amazon.co.jp/Nikon-%E3%83%9F%E3%83%A9%E3%83%BC%E3%83%AC%E3%82%B9%E4%B8%80%E7%9C%BC-%E3%83%8B%E3%82%B3%E3%83%B3-Z6-%E3%83%9C%E3%83%87%E3%82%A3/dp/B07HYB2JRC/ref=sr_1_1_sspa?s=electronics&ie=UTF8&qid=1546650167&sr=1-1-spons&keywords=z6&th=1,https://search.rakuten.co.jp/search/mall/Z+6+24-70+FTZ+マウントアダプターキット/
181,182,https://www.amazon.co.jp/Nikon-%E3%83%9F%E3%83%A9%E3%83%BC%E3%83%AC%E3%82%B9%E4%B8%80%E7%9C%BC-%E3%83%8B%E3%82%B3%E3%83%B3-Z7-%E3%83%9C%E3%83%87%E3%82%A3/dp/B07HRD95QF/ref=sr_1_1?s=electronics&ie=UTF8&qid=1546650124&sr=1-1&keywords=z%EF%BC%97&th=1,https://search.rakuten.co.jp/search/mall/Z+7+24-70+レンズキット/
182,183,https://www.amazon.co.jp/Nikon-%E3%83%9F%E3%83%A9%E3%83%BC%E3%83%AC%E3%82%B9%E4%B8%80%E7%9C%BC-%E3%83%8B%E3%82%B3%E3%83%B3-Z7-%E3%83%9C%E3%83%87%E3%82%A3/dp/B07HY311R8/ref=sr_1_1?s=electronics&ie=UTF8&qid=1546650124&sr=1-1&keywords=z%EF%BC%97&th=1,https://search.rakuten.co.jp/search/mall/Z+7+FTZ+マウントアダプターキット/
183,184,https://www.amazon.co.jp/OLYMPUS-%E3%83%9F%E3%83%A9%E3%83%BC%E3%83%AC%E3%82%B9%E4%B8%80%E7%9C%BC-PEN-F-Body-SLV/dp/B01AURIESW,https://search.rakuten.co.jp/search/mall/OLYMPUS+PEN-F+ボディ/
184,185,https://www.amazon.co.jp/%E3%83%91%E3%83%8A%E3%82%BD%E3%83%8B%E3%83%83%E3%82%AF-%E3%83%9F%E3%83%A9%E3%83%BC%E3%83%AC%E3%82%B9%E4%B8%80%E7%9C%BC%E3%82%AB%E3%83%A1%E3%83%A9-%E3%83%AB%E3%83%9F%E3%83%83%E3%82%AF%E3%82%B9-GH5S-DC-GH5S-K/dp/B078Y2PJLP,https://search.rakuten.co.jp/search/mall/LUMIX+DC-GH5S+ボディ/
185,186,https://www.amazon.co.jp/Canon-%E3%83%9F%E3%83%A9%E3%83%BC%E3%83%AC%E3%82%B9%E4%B8%80%E7%9C%BC%E3%82%AB%E3%83%A1%E3%83%A9-EOS-%E3%83%9C%E3%83%87%E3%82%A3%E3%83%BC-EOSM5-BODY/dp/B01LXIOMHP,https://search.rakuten.co.jp/search/mall/EOS+M5+ボディ/
186,187,https://www.amazon.co.jp/%E3%83%91%E3%83%8A%E3%82%BD%E3%83%8B%E3%83%83%E3%82%AF-%E3%83%9F%E3%83%A9%E3%83%BC%E3%83%AC%E3%82%B9%E4%B8%80%E7%9C%BC%E3%82%AB%E3%83%A1%E3%83%A9-%E3%83%AB%E3%83%9F%E3%83%83%E3%82%AF%E3%82%B9-2030%E4%B8%87%E7%94%BB%E7%B4%A0-DMC-GX8-S/dp/B011R0PTM0,https://search.rakuten.co.jp/search/mall/LUMIX+DMC-GX8+ボディ/
187,188,https://www.amazon.co.jp/Nikon-%E3%83%9F%E3%83%A9%E3%83%BC%E3%83%AC%E3%82%B9%E4%B8%80%E7%9C%BC-Nikon1-%E6%A8%99%E6%BA%96%E3%83%91%E3%83%AF%E3%83%BC%E3%82%BA%E3%83%BC%E3%83%A0%E3%83%AC%E3%83%B3%E3%82%BA%E3%82%AD%E3%83%83%E3%83%88-J5HPLKSL/dp/B00VJL237M,https://search.rakuten.co.jp/search/mall/Nikon+1+J5+標準パワーズームレンズキット/
188,189,https://www.amazon.co.jp/%E3%82%BD%E3%83%8B%E3%83%BC-SONY-ILCE7SM2-%E3%83%87%E3%82%B8%E3%82%BF%E3%83%AB%E4%B8%80%E7%9C%BC%E3%82%AB%E3%83%A1%E3%83%A9%E3%80%8C%CE%B17SII%E3%80%8D%E3%83%9C%E3%83%87%E3%82%A3-ILCE-7SM2/dp/B015HANCH0,https://search.rakuten.co.jp/search/mall/α7S+II+ILCE-7SM2+ボディ/
189,190,https://www.amazon.co.jp/FUJIFILM-%E3%83%9F%E3%83%A9%E3%83%BC%E3%83%AC%E3%82%B9%E4%B8%80%E7%9C%BC-X-T2-%E3%83%9C%E3%83%87%E3%82%A3-X-T2-B/dp/B01I2UFQIK/ref=sr_1_fkmr0_1?s=electronics&ie=UTF8&qid=1546650430&sr=1-1-fkmr0&keywords=FUJIFILM+X-T2+gra,https://search.rakuten.co.jp/search/mall/FUJIFILM+X-T2+Graphite+Silver+Edition/
190,191,https://www.amazon.co.jp/FUJIFILM-%E3%83%9F%E3%83%A9%E3%83%BC%E3%83%AC%E3%82%B9%E4%B8%80%E7%9C%BC-X-A3-%E3%83%AC%E3%83%B3%E3%82%BA%E3%82%AD%E3%83%83%E3%83%88-X-A3LK-XC-P/dp/B01KZ4XC8W/ref=sr_1_2?s=electronics&ie=UTF8&qid=1546650455&sr=1-2&keywords=FUJIFILM+X-A3,https://search.rakuten.co.jp/search/mall/FUJIFILM+X-A3+レンズキット/
191,192,https://www.amazon.co.jp/%E3%82%BD%E3%83%8B%E3%83%BC-SONY-%E3%83%9F%E3%83%A9%E3%83%BC%E3%83%AC%E3%82%B9%E4%B8%80%E7%9C%BC-%CE%B17R-ILCE-7R/dp/B00FXKLN58,https://search.rakuten.co.jp/search/mall/α7R+ILCE-7R+ボディ/
192,193,https://www.amazon.co.jp/%E3%83%9F%E3%83%A9%E3%83%BC%E3%83%AC%E3%82%B9%E4%B8%80%E7%9C%BC-%E3%83%8B%E3%82%B3%E3%83%B3-%E3%83%AC%E3%83%B3%E3%82%BA%E3%82%AD%E3%83%83%E3%83%88-24-70mm-Z6LK24-70/dp/B07HY2WVMD,https://search.rakuten.co.jp/search/mall/Z+6+24-70+レンズキット/
193,194,https://www.amazon.co.jp/Canon-%E3%83%9F%E3%83%A9%E3%83%BC%E3%83%AC%E3%82%B9%E4%B8%80%E7%9C%BC%E3%82%AB%E3%83%A1%E3%83%A9-EOS-%E3%83%96%E3%83%A9%E3%83%83%E3%82%AF-EOSM10BK-BODY/dp/B016JZFN6U,https://search.rakuten.co.jp/search/mall/EOS+M10+ボディ/
194,195,https://www.amazon.co.jp/Nikon-%E3%83%9F%E3%83%A9%E3%83%BC%E3%83%AC%E3%82%B9%E4%B8%80%E7%9C%BC-%E3%83%8B%E3%82%B3%E3%83%B3-FTZ-%E3%83%9E%E3%82%A6%E3%83%B3%E3%83%88%E3%82%A2%E3%83%80%E3%83%97%E3%82%BF%E3%83%BC%E3%82%AD%E3%83%83%E3%83%88Z6FTZKIT/dp/B07HYBM3KV,https://search.rakuten.co.jp/search/mall/Z+6+FTZ+マウントアダプターキット/
195,196,https://www.amazon.co.jp/FUJIFILM-%E4%B8%AD%E5%88%A4%E3%83%9F%E3%83%A9%E3%83%BC%E3%83%AC%E3%82%B9%E4%B8%80%E7%9C%BC-%E3%83%9C%E3%83%87%E3%82%A3-GFX-50S/dp/B01N12FPP5/ref=sr_1_6?s=electronics&ie=UTF8&qid=1546650486&sr=1-6&keywords=FUJIFILM+GFX+50S+%E3%83%9C%E3%83%87%E3%82%A3,https://search.rakuten.co.jp/search/mall/FUJIFILM+GFX+50S+ボディ/
196,197,https://www.amazon.co.jp/%E3%82%BD%E3%83%8B%E3%83%BC-SONY-%E3%83%95%E3%83%AB%E3%82%B5%E3%82%A4%E3%82%BA%E3%83%9F%E3%83%A9%E3%83%BC%E3%83%AC%E3%82%B9%E4%B8%80%E7%9C%BC-%CE%B17S-ILCE-7S/dp/B00KD43TWE,https://search.rakuten.co.jp/search/mall/α7S+ILCE-7S+ボディ/
197,198,https://www.amazon.co.jp/Nikon-%E3%83%9F%E3%83%A9%E3%83%BC%E3%83%AC%E3%82%B9%E4%B8%80%E7%9C%BC-Nikon1-%E3%82%B7%E3%83%AB%E3%83%90%E3%83%BC-J5SL/dp/B00VJL24TY/ref=sr_1_1?s=electronics&ie=UTF8&qid=1546650515&sr=1-1&keywords=nikon1+j5+%E3%83%9C%E3%83%87%E3%82%A3,https://search.rakuten.co.jp/search/mall/Nikon+1+J5+ボディ/
198,199,https://www.amazon.co.jp/OLYMPUS-OM-D-M10-EZ%E3%83%AC%E3%83%B3%E3%82%BA%E3%82%AD%E3%83%83%E3%83%88-%E3%83%9F%E3%83%A9%E3%83%BC%E3%83%AC%E3%82%B9%E4%B8%80%E7%9C%BC/dp/B00HWRHBY2/ref=sr_1_3?s=electronics&ie=UTF8&qid=1546650558&sr=1-3&keywords=OLYMPUS%2BOM-D%2BE-M10&th=1,https://search.rakuten.co.jp/search/mall/OLYMPUS+OM-D+E-M10+ボディ/
199,200,https://www.amazon.co.jp/Nikon-%E3%83%9F%E3%83%A9%E3%83%BC%E3%83%AC%E3%82%B9%E4%B8%80%E7%9C%BC-Nikon1-%E3%83%80%E3%83%96%E3%83%AB%E3%82%BA%E3%83%BC%E3%83%A0%E3%82%AD%E3%83%83%E3%83%88-J5WZSL/dp/B00VJL2FIY,https://search.rakuten.co.jp/search/mall/Nikon+1+J5+ダブルズームレンズキット/
200,201,https://www.amazon.co.jp/Canon-%E3%83%9F%E3%83%A9%E3%83%BC%E3%83%AC%E3%82%B9%E4%B8%80%E7%9C%BC%E3%82%AB%E3%83%A1%E3%83%A9-%E3%83%9C%E3%83%87%E3%82%A3%E3%83%BC-%E3%82%B7%E3%83%AB%E3%83%90%E3%83%BC-EOSM6SL-BODY/dp/B06VW2FF1V,https://search.rakuten.co.jp/search/mall/EOS+M6+ボディ/
201,202,https://www.amazon.co.jp/%E3%82%BD%E3%83%8B%E3%83%BC-SONY-%E3%83%9F%E3%83%A9%E3%83%BC%E3%83%AC%E3%82%B9%E4%B8%80%E7%9C%BC-%E3%83%9C%E3%83%87%E3%82%A3-ILCE-7/dp/B00FXKLOGG,https://search.rakuten.co.jp/search/mall/α7+ILCE-7+ボディ/
202,203,https://www.amazon.co.jp/FUJIFILM-%E3%83%9F%E3%83%A9%E3%83%BC%E3%83%AC%E3%82%B9%E4%B8%80%E7%9C%BC-%E3%83%AC%E3%83%B3%E3%82%BA%E3%82%AD%E3%83%83%E3%83%88-X-T1B-1855KIT/dp/B00I3BSXWK/ref=sr_1_1?s=electronics&ie=UTF8&qid=1546650589&sr=1-1&keywords=FUJIFILM+X-T1,https://search.rakuten.co.jp/search/mall/FUJIFILM+X-T1+Graphite+Silver+Edition/
203,204,https://www.amazon.co.jp/%E3%83%91%E3%83%8A%E3%82%BD%E3%83%8B%E3%83%83%E3%82%AF-%E3%83%9F%E3%83%A9%E3%83%BC%E3%83%AC%E3%82%B9%E4%B8%80%E7%9C%BC%E3%82%AB%E3%83%A1%E3%83%A9-%E3%83%80%E3%83%96%E3%83%AB%E3%83%AC%E3%83%B3%E3%82%BA%E3%82%AD%E3%83%83%E3%83%88-%E6%A8%99%E6%BA%96%E3%82%BA%E3%83%BC%E3%83%A0%E3%83%AC%E3%83%B3%E3%82%BA-DC-GF90W-W/dp/B079FJ657K,https://search.rakuten.co.jp/search/mall/LUMIX+DC-GF90W+ダブルレンズキット/
204,205,https://www.amazon.co.jp/FUJIFILM-%E3%83%9F%E3%83%A9%E3%83%BC%E3%83%AC%E3%82%B9%E4%B8%80%E7%9C%BC-X-E2-%E3%83%96%E3%83%A9%E3%83%83%E3%82%AF-FX-X-E2%E3%83%96%E3%83%A9%E3%83%83%E3%82%AF/dp/B00FYHJABY,https://search.rakuten.co.jp/search/mall/FUJIFILM+X-E2+ボディ/
205,206,https://www.amazon.co.jp/FUJIFILM-%E3%83%9F%E3%83%A9%E3%83%BC%E3%83%AC%E3%82%B9%E4%B8%80%E7%9C%BC-X-A1-%E3%82%B7%E3%83%AB%E3%83%90%E3%83%BC-FX-X-A1S/dp/B00FYHL0PS,https://search.rakuten.co.jp/search/mall/FUJIFILM+X-A1+ボディ/
206,207,https://www.amazon.co.jp/FUJIFILM-%E3%83%9F%E3%83%A9%E3%83%BC%E3%83%AC%E3%82%B9%E4%B8%80%E7%9C%BC%E3%83%AC%E3%83%95%E3%82%AB%E3%83%A1%E3%83%A9-X-E1-1630%E4%B8%87%E7%94%BB%E7%B4%A0-FX-X-E1S/dp/B009CNV7AS,https://search.rakuten.co.jp/search/mall/FUJIFILM+X-E1+ボディ/
207,208,https://www.amazon.co.jp/%E3%83%9F%E3%83%A9%E3%83%BC%E3%83%AC%E3%82%B9%E4%B8%80%E7%9C%BC%E3%82%AB%E3%83%A1%E3%83%A9-%E3%83%AC%E3%83%B3%E3%82%BA%E3%82%AD%E3%83%83%E3%83%88-EF-M18-55mm-F3-5-5-6-EOSM3BK-1855ISSTMLK/dp/B00T90FRL4,https://search.rakuten.co.jp/search/mall/EOS+M3+EF-M18-55+IS+STM+レンズキット/
208,209,https://www.amazon.co.jp/%E3%83%A9%E3%82%A4%E3%82%AB-SLTYP601-SL%EF%BC%88Typ-601%EF%BC%89%E3%80%90%E3%83%9C%E3%83%87%E3%82%A3%EF%BC%88%E3%83%AC%E3%83%B3%E3%82%BA%E5%88%A5%E5%A3%B2%EF%BC%89%E3%80%91/dp/B017YHTLOM,https://search.rakuten.co.jp/search/mall/ライカSL+Typ+601+ボディ/
209,210,https://www.amazon.co.jp/%E3%83%9F%E3%83%A9%E3%83%BC%E3%83%AC%E3%82%B9%E4%B8%80%E7%9C%BC%E3%82%AB%E3%83%A1%E3%83%A9-%E3%83%AC%E3%83%B3%E3%82%BAEVF%E3%82%AD%E3%83%83%E3%83%88-EF-M18-150mm-F3-5-6-3-EOSM6SL-18150ISEVFK/dp/B06WP5ZC5R,https://search.rakuten.co.jp/search/mall/EOS+M6+EF-M18-150+IS+STM+レンズキット/
210,211,https://www.amazon.co.jp/%E3%83%A9%E3%82%A4%E3%82%AB-CL-%E3%83%9C%E3%83%87%E3%82%A3-%E3%83%96%E3%83%A9%E3%83%83%E3%82%AF/dp/B079SY59BM,https://search.rakuten.co.jp/search/mall/ライカCL+ボディ/
211,212,https://www.amazon.co.jp/%E3%83%9F%E3%83%A9%E3%83%BC%E3%83%AC%E3%82%B9%E4%B8%80%E7%9C%BC%E3%82%AB%E3%83%A1%E3%83%A9-%E3%83%AC%E3%83%B3%E3%82%BA%E3%82%AD%E3%83%83%E3%83%88-EF-M15-45mm-F3-5-6-3-EOSM6BK-1545ISSTMLK/dp/B06WD4FQNL,https://search.rakuten.co.jp/search/mall/EOS+M6+EF-M15-45+IS+STM+レンズキット/
212,213,https://www.amazon.co.jp/OLYMPUS-PEN-PL7-%E3%83%9B%E3%83%AF%E3%82%A4%E3%83%88-%E3%83%9F%E3%83%A9%E3%83%BC%E3%83%AC%E3%82%B9%E4%B8%80%E7%9C%BC/dp/B00MVOU4IQ,https://search.rakuten.co.jp/search/mall/OLYMPUS+PEN+Lite+E-PL7+ボディ/
213,214,https://www.amazon.co.jp/SIGMA-%E3%83%9F%E3%83%A9%E3%83%BC%E3%83%AC%E3%82%B9%E4%B8%80%E7%9C%BC-sd-Quattro-H/dp/B01N5C96X3,https://search.rakuten.co.jp/search/mall/SIGMA+sd+Quattro+H+ボディ/
214,215,https://www.amazon.co.jp/%E3%82%B7%E3%82%B0%E3%83%9E-C40900-SIGMA-%E3%83%9F%E3%83%A9%E3%83%BC%E3%83%AC%E3%82%B9%E4%B8%80%E7%9C%BC-Quattro/dp/B01HHR56S4,https://search.rakuten.co.jp/search/mall/SIGMA+sd+Quattro+ボディ/
215,216,https://www.amazon.co.jp/%E3%83%9F%E3%83%A9%E3%83%BC%E3%83%AC%E3%82%B9%E4%B8%80%E7%9C%BC%E3%82%AB%E3%83%A1%E3%83%A9-%E3%83%80%E3%83%96%E3%83%AB%E3%83%AC%E3%83%B3%E3%82%BA%E3%82%AD%E3%83%83%E3%83%88-EF-M15-45mm-F3-5-6-3-EOSM3BK-WLK2/dp/B01BWKP0JC,https://search.rakuten.co.jp/search/mall/EOS+M3+ダブルレンズキット/
216,217,https://www.amazon.co.jp/FUJIFILM-%E3%83%9F%E3%83%A9%E3%83%BC%E3%83%AC%E3%82%B9%E4%B8%80%E7%9C%BC%E3%83%AC%E3%83%95%E3%82%AB%E3%83%A1%E3%83%A9-X-Pro1-1630%E4%B8%87%E7%94%BB%E7%B4%A0-FX-X-PRO1/dp/B006ZSNQXO,https://search.rakuten.co.jp/search/mall/FUJIFILM+X-Pro1+ボディ/
217,218,https://www.amazon.co.jp/%E3%83%91%E3%83%8A%E3%82%BD%E3%83%8B%E3%83%83%E3%82%AF-%E3%83%9F%E3%83%A9%E3%83%BC%E3%83%AC%E3%82%B9%E4%B8%80%E7%9C%BC%E3%82%AB%E3%83%A1%E3%83%A9-GX7MK2-%E6%A8%99%E6%BA%96%E3%82%BA%E3%83%BC%E3%83%A0%E3%83%AC%E3%83%B3%E3%82%BA%E3%82%AD%E3%83%83%E3%83%88-DMC-GX7MK2KK/dp/B01E357YE2,https://search.rakuten.co.jp/search/mall/LUMIX+DMC-GF7W+ダブルズームレンズキット/
218,219,https://www.amazon.co.jp/PENTAX-%E3%83%9F%E3%83%A9%E3%83%BC%E3%83%AC%E3%82%B9%E4%B8%80%E7%9C%BC-Q10-%E3%83%9C%E3%83%87%E3%82%A3-SILVER/dp/B009931N78,https://search.rakuten.co.jp/search/mall/PENTAX+Q10+ボディ/
219,220,https://www.amazon.co.jp/%E3%83%9F%E3%83%A9%E3%83%BC%E3%83%AC%E3%82%B9%E4%B8%80%E7%9C%BC%E3%82%AB%E3%83%A1%E3%83%A9-%E3%83%80%E3%83%96%E3%83%AB%E3%83%AC%E3%83%B3%E3%82%BA%E3%82%AD%E3%83%83%E3%83%88-EF-M18-55mm-F3-5-5-6-EOSMBK-WLK/dp/B008O0WTJS/ref=sr_1_4?s=electronics&ie=UTF8&qid=1546650635&sr=1-4&keywords=EOS%2BM&th=1,https://search.rakuten.co.jp/search/mall/EOS+M+ボディ/
220,221,https://www.amazon.co.jp/%E3%83%9F%E3%83%A9%E3%83%BC%E3%83%AC%E3%82%B9%E4%B8%80%E7%9C%BC%E3%82%AB%E3%83%A1%E3%83%A9-%E3%83%80%E3%83%96%E3%83%AB%E3%83%AC%E3%83%B3%E3%82%BA%E3%82%AD%E3%83%83%E3%83%88-EF-M15-45mm-F3-5-6-3-EOSM3WH-WLK2/dp/B01BWKP1GO,https://search.rakuten.co.jp/search/mall/EOS+M3+EF-M15-45+IS+STM+レンズキット/
221,222,https://www.amazon.co.jp/%E3%83%9F%E3%83%A9%E3%83%BC%E3%83%AC%E3%82%B9%E4%B8%80%E7%9C%BC%E3%82%AB%E3%83%A1%E3%83%A9-%E3%83%80%E3%83%96%E3%83%AB%E3%82%BA%E3%83%BC%E3%83%A0%E3%82%AD%E3%83%83%E3%83%88-EF-M18-55mm-EF-M55-200mm-EOSM3BK-WZK/dp/B00T90FJVW/ref=sr_1_2?s=electronics&ie=UTF8&qid=1546650703&sr=1-2&keywords=EOS+M3,https://search.rakuten.co.jp/search/mall/EOS+M3+ボディ/
222,223,https://www.amazon.co.jp/%E3%83%9F%E3%83%A9%E3%83%BC%E3%83%AC%E3%82%B9%E4%B8%80%E7%9C%BC%E3%82%AB%E3%83%A1%E3%83%A9-%E3%83%80%E3%83%96%E3%83%AB%E3%82%BA%E3%83%BC%E3%83%A0EVF%E3%82%AD%E3%83%83%E3%83%88-EF-M15-45mm-EF-M55-200mm-EOSM6SL-WZEVFK/dp/B06X3WB8RJ,https://search.rakuten.co.jp/search/mall/EOS+M6+ダブルズームEVFキット/
223,224,https://www.amazon.co.jp/FUJIFILM-%E3%83%9F%E3%83%A9%E3%83%BC%E3%83%AC%E3%82%B9%E4%B8%80%E7%9C%BC-X-A3-%E3%83%AC%E3%83%B3%E3%82%BA%E3%82%AD%E3%83%83%E3%83%88-X-A3LK-XC-S/dp/B01KZ4XC2S/ref=sr_1_2?s=electronics&ie=UTF8&qid=1546650730&sr=1-2&keywords=FUJIFILM+X-A2,https://search.rakuten.co.jp/search/mall/FUJIFILM+X-A2+ボディ/
224,225,https://www.amazon.co.jp/FUJIFILM-%E3%83%9F%E3%83%A9%E3%83%BC%E3%83%AC%E3%82%B9%E4%B8%80%E7%9C%BC-X-T1-%E3%83%96%E3%83%A9%E3%83%83%E3%82%AF-FX-X-T1B/dp/B00I3BSXY8,https://search.rakuten.co.jp/search/mall/FUJIFILM+X-T1+ボディ/
225,226,https://www.amazon.co.jp/FUJIFILM-%E3%83%9F%E3%83%A9%E3%83%BC%E3%83%AC%E3%82%B9%E4%B8%80%E7%9C%BC-X-T10-%E3%82%B7%E3%83%AB%E3%83%90%E3%83%BC-X-T10-S/dp/B00XTPDYT2,https://search.rakuten.co.jp/search/mall/FUJIFILM+X-T10+ボディ/
226,227,https://www.amazon.co.jp/Hasselblad-X1D%E3%82%A8%E3%82%AF%E3%82%B9%E3%83%9A%E3%83%AA%E3%82%A8%E3%83%B3%E3%82%B9%E3%83%BB%E3%83%91%E3%83%83%E3%82%B1%E3%83%BC%E3%82%B8-Silver/dp/B07MDCXMXG,https://search.rakuten.co.jp/search/mall/X1D+エクスペリエンス・パッケージ+[Silver]/
227,228,https://www.amazon.co.jp/Hasselblad-X1D-50c-4116-Edition-Body/dp/B07M615S4V,https://search.rakuten.co.jp/search/mall/X1D-50c+ボディ/
228,229,https://www.amazon.co.jp/FUJIFILM-%E3%83%9F%E3%83%A9%E3%83%BC%E3%83%AC%E3%82%B9%E4%B8%80%E7%9C%BC%E3%82%AB%E3%83%A1%E3%83%A9-X-M1-1630%E4%B8%87%E7%94%BB%E7%B4%A0APS-C-FX-X-M1S/dp/B00DLQU1OK,https://search.rakuten.co.jp/search/mall/FUJIFILM+X-M1+ボディ/
229,230,https://www.amazon.co.jp/Nikon-%E3%83%9F%E3%83%A9%E3%83%BC%E3%83%AC%E3%82%B9%E4%B8%80%E7%9C%BC%E3%82%AB%E3%83%A1%E3%83%A9-Nikon1-%E9%98%B2%E6%B0%B4%E3%82%BA%E3%83%BC%E3%83%A0%E3%83%AC%E3%83%B3%E3%82%BA%E3%82%AD%E3%83%83%E3%83%88-N1AW1LKSL/dp/B00FAHFD6O/ref=sr_1_1?s=electronics&ie=UTF8&qid=1546650759&sr=1-1&keywords=nikon1+aw1,https://search.rakuten.co.jp/search/mall/Nikon+1+AW1+ボディ/
230,231,https://www.amazon.co.jp/OLYMPUS-%E3%83%9F%E3%83%A9%E3%83%BC%E3%83%AC%E3%82%B9%E4%B8%80%E7%9C%BC-OM-D-%E3%83%96%E3%83%A9%E3%83%83%E3%82%AF-BODY/dp/B00F309H3S,https://search.rakuten.co.jp/search/mall/OLYMPUS+OM-D+E-M1+ボディ+[ブラック]/
231,232,https://www.amazon.co.jp/OLYMPUS-%E3%83%9F%E3%83%A9%E3%83%BC%E3%83%AC%E3%82%B9%E4%B8%80%E7%9C%BC-OM-D-MarkII-MarkIIBody/dp/B00SMPL31A,https://search.rakuten.co.jp/search/mall/OLYMPUS+OM-D+E-M5+Mark+II+ボディ+[ブラック]/
232,233,https://www.amazon.co.jp/Leica-%E3%83%A9%E3%82%A4%E3%82%AB-TL2-%E3%83%9C%E3%83%87%E3%82%A3-%E3%82%B7%E3%83%AB%E3%83%90%E3%83%BC/dp/B073XK562B/ref=sr_1_1?s=electronics&ie=UTF8&qid=1546650781&sr=1-1&keywords=%E3%83%A9%E3%82%A4%E3%82%ABTL2,https://search.rakuten.co.jp/search/mall/ライカTL2+ボディ/
233,234,https://www.amazon.co.jp/OLYMPUS-%E3%83%9C%E3%83%87%E3%82%A3%E3%82%AD%E3%83%A3%E3%83%83%E3%83%97%E3%83%AC%E3%83%B3%E3%82%BA-BCL-1580%E3%82%BB%E3%83%83%E3%83%88-BODY-SLV/dp/B00CPLPB4M,https://search.rakuten.co.jp/search/mall/OLYMPUS+PEN+E-P5+ボディ/
234,235,https://www.amazon.co.jp/%E3%83%9F%E3%83%A9%E3%83%BC%E3%83%AC%E3%82%B9%E4%B8%80%E7%9C%BC-%E3%83%80%E3%83%96%E3%83%AB%E3%82%BA%E3%83%BC%E3%83%A0%E3%82%AD%E3%83%83%E3%83%88-STANDARD-TELEPHOTO-11533/dp/B00DDET6K0/ref=sr_1_1?s=electronics&ie=UTF8&qid=1546650801&sr=1-1&keywords=PENTAX%2BQ7&th=1,https://search.rakuten.co.jp/search/mall/PENTAX+Q7+ボディ+[ブラック]/
235,236,https://www.amazon.co.jp/%E3%83%9F%E3%83%A9%E3%83%BC%E3%83%AC%E3%82%B9%E4%B8%80%E7%9C%BC%E3%82%AB%E3%83%A1%E3%83%A9-%E3%83%BB%E3%82%AF%E3%83%AA%E3%82%A8%E3%82%A4%E3%83%86%E3%82%A3%E3%83%96%E3%83%9E%E3%82%AF%E3%83%AD-%E3%83%AC%E3%83%B3%E3%82%BA%E3%82%AD%E3%83%83%E3%83%88-EF-M28mm-EOSM3BK-CMLK/dp/B01H6IKSZU,https://search.rakuten.co.jp/search/mall/EOS+M3+クリエイティブマクロレンズキット/
236,237,https://www.amazon.co.jp/%E3%83%9F%E3%83%A9%E3%83%BC%E3%83%AC%E3%82%B9%E4%B8%80%E7%9C%BC%E3%82%AB%E3%83%A1%E3%83%A9-%E3%83%80%E3%83%96%E3%83%AB%E3%83%AC%E3%83%B3%E3%82%BA%E3%82%AD%E3%83%83%E3%83%88-EF-M15-45mm-F3-5-6-3-EOSM10BK-WLK/dp/B016JZFNO2,https://search.rakuten.co.jp/search/mall/EOS+M3+ダブルレンズキット2/
237,238,https://www.amazon.co.jp/FUJIFILM-%E3%83%9F%E3%83%A9%E3%83%BC%E3%83%AC%E3%82%B9%E4%B8%80%E7%9C%BC-%E3%83%AC%E3%83%B3%E3%82%BA%E3%82%AD%E3%83%83%E3%83%88-X-T1B-1855KIT/dp/B00I3BSXWK,https://search.rakuten.co.jp/search/mall/FUJIFILM+X-T1+F+X-T1B/1855KIT+レンズキット/
238,239,https://www.amazon.co.jp/%E3%83%91%E3%83%8A%E3%82%BD%E3%83%8B%E3%83%83%E3%82%AF-%E3%83%AB%E3%83%9F%E3%83%83%E3%82%AF%E3%82%B9-%E3%83%9F%E3%83%A9%E3%83%BC%E3%83%AC%E3%82%B9%E4%B8%80%E7%9C%BC%E3%82%AB%E3%83%A1%E3%83%A9-%E3%83%96%E3%83%A9%E3%83%83%E3%82%AF-DMC-GF6-K/dp/B00C9U98MK/ref=sr_1_1?s=electronics&ie=UTF8&qid=1546650830&sr=1-1&keywords=LUMIX+DMC-GF6,https://search.rakuten.co.jp/search/mall/LUMIX+DMC-GF6+ボディ/
239,240,https://www.amazon.co.jp/OLYMPUS-%E3%83%9F%E3%83%A9%E3%83%BC%E3%83%AC%E3%82%B9%E4%B8%80%E7%9C%BC-OM-D-%E3%83%AC%E3%83%B3%E3%82%BA%E3%82%AD%E3%83%83%E3%83%88-1605%E4%B8%87%E7%94%BB%E7%B4%A0/dp/B0073A1DJC/ref=sr_1_2?s=electronics&ie=UTF8&qid=1546650848&sr=1-2&keywords=OLYMPUS%2BOM-D%2BE-M5&th=1,https://search.rakuten.co.jp/search/mall/OLYMPUS+OM-D+E-M5+ボディ/
240,241,https://www.amazon.co.jp/%E3%82%BD%E3%83%8B%E3%83%BC-SONY-%E3%83%9F%E3%83%A9%E3%83%BC%E3%83%AC%E3%82%B9%E4%B8%80%E7%9C%BC-NEX-6-%E3%83%9C%E3%83%87%E3%82%A3/dp/B009Z3PBWA,https://search.rakuten.co.jp/search/mall/α+NEX-6+ボディ/
241,242,https://www.amazon.co.jp/Leica-%E3%83%9F%E3%83%A9%E3%83%BC%E3%83%AC%E3%82%B9%E4%B8%80%E7%9C%BC-1630%E4%B8%87%E7%94%BB%E7%B4%A0-18181-%E3%83%AC%E3%83%B3%E3%82%BA%E5%88%A5%E5%A3%B2/dp/B00JY5EQXE,https://search.rakuten.co.jp/search/mall/ライカT+ボディ/
242,243,https://www.amazon.co.jp/%E3%83%9F%E3%83%A9%E3%83%BC%E3%83%AC%E3%82%B9%E4%B8%80%E7%9C%BC%E3%82%AB%E3%83%A1%E3%83%A9-%E3%83%80%E3%83%96%E3%83%AB%E3%82%BA%E3%83%BC%E3%83%A0%E3%82%AD%E3%83%83%E3%83%88-EF-M18-55mm-EF-M55-200mm-EOSM3BK-WZK/dp/B00T90FJZ8/ref=sr_1_2?s=electronics&ie=UTF8&qid=1546650882&sr=1-2&keywords=EOS%2BM3&th=1,https://search.rakuten.co.jp/search/mall/EOS+M3+ボディ+EVFキット/
243,244,https://www.amazon.co.jp/%E3%83%9F%E3%83%A9%E3%83%BC%E3%83%AC%E3%82%B9%E4%B8%80%E7%9C%BC%E3%82%AB%E3%83%A1%E3%83%A9-%E3%83%AC%E3%83%B3%E3%82%BAEVF%E3%82%AD%E3%83%83%E3%83%88-EF-M18-150mm-F3-5-6-3-EOSM6SL-18150ISEVFK/dp/B06WP5ZC5R,https://search.rakuten.co.jp/search/mall/EOS+M6+EF-M18-150+IS+STM+レンズEVFキット/
244,245,https://www.amazon.co.jp/%E3%83%91%E3%83%8A%E3%82%BD%E3%83%8B%E3%83%83%E3%82%AF-%E3%83%9F%E3%83%A9%E3%83%BC%E3%83%AC%E3%82%B9%E4%B8%80%E7%9C%BC%E3%82%AB%E3%83%A1%E3%83%A9-%E3%83%AB%E3%83%9F%E3%83%83%E3%82%AF%E3%82%B9-%E3%83%96%E3%83%A9%E3%83%83%E3%82%AF-DMC-GH4-K/dp/B00J8H7ISS/ref=sr_1_3?s=electronics&ie=UTF8&qid=1546650917&sr=1-3&keywords=LUMIX+DMC-GH4,https://search.rakuten.co.jp/search/mall/LUMIX+DMC-GH4+ボディ/
245,246,https://www.amazon.co.jp/SONY-%E3%83%80%E3%83%96%E3%83%AB%E3%82%BA%E3%83%BC%E3%83%A0%E3%83%AC%E3%83%B3%E3%82%BA%E3%82%AD%E3%83%83%E3%83%88-F3-5-5-6-55-210mm-F4-5-6-3/dp/B00BNO95R6,https://search.rakuten.co.jp/search/mall/α+NEX-3NY+ダブルズームレンズキット/
246,247,https://www.amazon.co.jp/%E3%83%91%E3%83%8A%E3%82%BD%E3%83%8B%E3%83%83%E3%82%AF-%E3%83%9F%E3%83%A9%E3%83%BC%E3%83%AC%E3%82%B9%E4%B8%80%E7%9C%BC%E3%82%AB%E3%83%A1%E3%83%A9-GM1S-%E3%83%AC%E3%83%B3%E3%82%BA%E3%82%AD%E3%83%83%E3%83%88-DMC-GM1SK/dp/B00O2TI0S4/ref=sr_1_1?s=electronics&ie=UTF8&qid=1546650945&sr=1-1&keywords=LUMIX+DMC-GM1SK,https://search.rakuten.co.jp/search/mall/LUMIX+DMC-GM1SK+レンズキット/
247,248,https://www.amazon.co.jp/OLYMPUS-%E3%83%9F%E3%83%A9%E3%83%BC%E3%83%AC%E3%82%B9%E4%B8%80%E7%9C%BC-%E3%83%AC%E3%83%B3%E3%82%BA%E3%82%AD%E3%83%83%E3%83%88-%E3%82%B7%E3%83%AB%E3%83%90%E3%83%BC-LKIT/dp/B0058G3XA0/ref=sr_1_1?s=electronics&ie=UTF8&qid=1546650972&sr=1-1&keywords=OLYMPUS%2BPEN%2BE-P3&th=1,https://search.rakuten.co.jp/search/mall/OLYMPUS+PEN+E-P3+ボディ/
248,249,https://www.amazon.co.jp/OLYMPUS-%E3%83%9F%E3%83%A9%E3%83%BC%E3%83%AC%E3%82%B9%E4%B8%80%E7%9C%BC-%E3%83%AC%E3%83%B3%E3%82%BA%E3%82%AD%E3%83%83%E3%83%88-%E3%83%93%E3%83%A5%E3%83%BC%E3%83%95%E3%82%A1%E3%82%A4%E3%83%B3%E3%83%80%E3%83%BC-VF-4%E3%82%BB%E3%83%83%E3%83%88/dp/B00CPLO2A6/ref=sr_1_2?s=electronics&ie=UTF8&qid=1546650996&sr=1-2&keywords=OLYMPUS%2BPEN%2BE-P5&th=1,https://search.rakuten.co.jp/search/mall/OLYMPUS+PEN+E-P5+14-42mm+レンズキット/
249,250,https://www.amazon.co.jp/OLYMPUS-EZ%E3%83%80%E3%83%96%E3%83%AB%E3%82%BA%E3%83%BC%E3%83%A0%E3%82%AD%E3%83%83%E3%83%88-EZ-DZKIT-WHT/dp/B00KA1H9LM,https://search.rakuten.co.jp/search/mall/OLYMPUS+PEN+Lite+E-PL6+EZ+ダブルズームキット/
250,251,https://www.amazon.co.jp/%E3%83%A9%E3%82%A4%E3%82%AB-18146S-%E3%80%90%E6%95%B0%E9%87%8F%E9%99%90%E5%AE%9A%E3%80%91%E3%83%A9%E3%82%A4%E3%82%ABTL%E3%80%90%E6%A8%99%E6%BA%96%E3%82%BA%E3%83%BC%E3%83%A0%E3%82%BB%E3%83%83%E3%83%88%E3%80%91%EF%BC%88%E3%83%96%E3%83%A9%E3%83%83%E3%82%AF%EF%BC%8F%E3%83%9F%E3%83%A9%E3%83%BC%E3%83%AC%E3%82%B9%E4%B8%80%E7%9C%BC%E3%82%AB%E3%83%A1%E3%83%A9%EF%BC%89-18146S/dp/B06XF5H5L8/ref=sr_1_1?s=electronics&ie=UTF8&qid=1546651023&sr=1-1&keywords=%E3%83%A9%E3%82%A4%E3%82%AB+tl,https://search.rakuten.co.jp/search/mall/ライカTL+ボディ/
251,252,https://www.amazon.co.jp/Canon-%E3%83%87%E3%82%B8%E3%82%BF%E3%83%AB%E4%B8%80%E7%9C%BC%E3%83%AC%E3%83%95%E3%82%AB%E3%83%A1%E3%83%A9-Mark-%E3%83%9C%E3%83%87%E3%82%A3%E3%83%BC-EOS6DMK2/dp/B073LJR29Q,https://search.rakuten.co.jp/search/mall/EOS+5D+Mark+IV+ボディ/
252,253,https://www.amazon.co.jp/%E3%83%8B%E3%82%B3%E3%83%B3-D850-Nikon-%E3%83%87%E3%82%B8%E3%82%BF%E3%83%AB%E4%B8%80%E7%9C%BC%E3%83%AC%E3%83%95%E3%82%AB%E3%83%A1%E3%83%A9/dp/B07574RGVR,https://search.rakuten.co.jp/search/mall/D850+ボディ/
253,254,https://www.amazon.co.jp/Canon-%E3%83%87%E3%82%B8%E3%82%BF%E3%83%AB%E4%B8%80%E7%9C%BC%E3%83%AC%E3%83%95%E3%82%AB%E3%83%A1%E3%83%A9-Mark-%E3%83%9C%E3%83%87%E3%82%A3%E3%83%BC-EOS6DMK2/dp/B073LJR29Q,https://search.rakuten.co.jp/search/mall/EOS+6D+Mark+II+ボディ/
254,255,https://www.amazon.co.jp/Nikon-%E3%83%87%E3%82%B8%E3%82%BF%E3%83%AB%E4%B8%80%E7%9C%BC%E3%83%AC%E3%83%95%E3%82%AB%E3%83%A1%E3%83%A9-D5600-%E3%83%9C%E3%83%87%E3%82%A3%E3%83%BC-D5600BK/dp/B01N8TWBZ2,https://search.rakuten.co.jp/search/mall/D5600+ボディ/
255,256,https://www.amazon.co.jp/Canon-%E3%83%87%E3%82%B8%E3%82%BF%E3%83%AB%E4%B8%80%E7%9C%BC%E3%83%AC%E3%83%95%E3%82%AB%E3%83%A1%E3%83%A9-Kiss-%E3%83%96%E3%83%A9%E3%83%83%E3%82%AF-EOSKISSX9BK/dp/B073LGMWDN,https://search.rakuten.co.jp/search/mall/EOS+Kiss+X9+ボディ/
256,257,https://www.amazon.co.jp/%E3%83%8B%E3%82%B3%E3%83%B3-D500-BODY-Nikon-%E3%83%87%E3%82%B8%E3%82%BF%E3%83%AB%E4%B8%80%E7%9C%BC%E3%83%AC%E3%83%95%E3%82%AB%E3%83%A1%E3%83%A9-D500/dp/B01A7ZB5EM,https://search.rakuten.co.jp/search/mall/D500+ボディ/
257,258,https://www.amazon.co.jp/Canon-%E3%83%87%E3%82%B8%E3%82%BF%E3%83%AB%E4%B8%80%E7%9C%BC%E3%83%AC%E3%83%95%E3%82%AB%E3%83%A1%E3%83%A9-2420%E4%B8%87%E7%94%BB%E7%B4%A0-DIGIC7%E6%90%AD%E8%BC%89-EOSKISSX9I/dp/B06X922GBM,https://search.rakuten.co.jp/search/mall/EOS+Kiss+X9i+ボディ/
258,259,https://www.amazon.co.jp/Nikon-%E3%83%87%E3%82%B8%E3%82%BF%E3%83%AB%E4%B8%80%E7%9C%BC%E3%83%AC%E3%83%95%E3%82%AB%E3%83%A1%E3%83%A9-D5300-%E3%83%80%E3%83%96%E3%83%AB%E3%82%BA%E3%83%BC%E3%83%A0%E3%82%AD%E3%83%83%E3%83%88-D5300WZ3/dp/B00FYJ5CIW/ref=sr_1_2?s=electronics&ie=UTF8&qid=1546651050&sr=1-2&keywords=D5300&th=1,https://search.rakuten.co.jp/search/mall/D5300+ボディ/
259,260,https://www.amazon.co.jp/Canon-%E3%83%87%E3%82%B8%E3%82%BF%E3%83%AB%E4%B8%80%E7%9C%BC%E3%83%AC%E3%83%95%E3%82%AB%E3%83%A1%E3%83%A9-EOS-80D-EOS80D/dp/B01BWJVVNM,https://search.rakuten.co.jp/search/mall/EOS+80D+ボディ/
260,261,https://www.amazon.co.jp/%E3%83%8B%E3%82%B3%E3%83%B3-D750-Nikon-%E3%83%87%E3%82%B8%E3%82%BF%E3%83%AB%E4%B8%80%E7%9C%BC%E3%83%AC%E3%83%95%E3%82%AB%E3%83%A1%E3%83%A9/dp/B00NIERQFW,https://search.rakuten.co.jp/search/mall/D750+ボディ/
261,262,https://www.amazon.co.jp/%E3%83%8B%E3%82%B3%E3%83%B3-D7500-Nikon-%E3%83%87%E3%82%B8%E3%82%BF%E3%83%AB%E4%B8%80%E7%9C%BC%E3%83%AC%E3%83%95%E3%82%AB%E3%83%A1%E3%83%A9-%E3%83%9C%E3%83%87%E3%82%A3/dp/B06ZYWZX3Q,https://search.rakuten.co.jp/search/mall/D7500+ボディ/
262,263,https://www.amazon.co.jp/%E3%83%8B%E3%82%B3%E3%83%B3-D810-Nikon-%E3%83%87%E3%82%B8%E3%82%BF%E3%83%AB%E4%B8%80%E7%9C%BC%E3%83%AC%E3%83%95%E3%82%AB%E3%83%A1%E3%83%A9/dp/B00LAT2RJM,https://search.rakuten.co.jp/search/mall/D810+ボディ/
263,264,https://www.amazon.co.jp/PENTAX-%E3%83%87%E3%82%B8%E3%82%BF%E3%83%AB%E4%B8%80%E7%9C%BC%E3%83%AC%E3%83%95-%E3%80%90%E3%83%96%E3%83%A9%E3%83%83%E3%82%AF%E3%80%91-BLACK-16020/dp/B01MR8YP0K,https://search.rakuten.co.jp/search/mall/PENTAX+KP+ボディ/
264,265,https://www.amazon.co.jp/%E3%83%8B%E3%82%B3%E3%83%B3-D7200-Nikon-%E3%83%87%E3%82%B8%E3%82%BF%E3%83%AB%E4%B8%80%E7%9C%BC%E3%83%AC%E3%83%95%E3%82%AB%E3%83%A1%E3%83%A9/dp/B00U5NQJNY,https://search.rakuten.co.jp/search/mall/D7200+ボディ/
265,266,https://www.amazon.co.jp/Canon-%E3%83%87%E3%82%B8%E3%82%BF%E3%83%AB%E4%B8%80%E7%9C%BC%E3%83%AC%E3%83%95%E3%82%AB%E3%83%A1%E3%83%A9-Mark-II%E3%83%9C%E3%83%87%E3%82%A3-EOS7DMK2/dp/B00NM0X2OG,https://search.rakuten.co.jp/search/mall/EOS+7D+Mark+II+ボディ/
266,267,https://www.amazon.co.jp/%E3%83%8B%E3%82%B3%E3%83%B3-D5XQD-Nikon-%E3%83%87%E3%82%B8%E3%82%BF%E3%83%AB%E4%B8%80%E7%9C%BC%E3%83%AC%E3%83%95%E3%82%AB%E3%83%A1%E3%83%A9-XQD-Type/dp/B01A7ZAXAO,https://search.rakuten.co.jp/search/mall/D5+XQD-Type+ボディ/
267,268,https://www.amazon.co.jp/Canon-%E3%83%87%E3%82%B8%E3%82%BF%E3%83%AB%E4%B8%80%E7%9C%BC%E3%83%AC%E3%83%95%E3%82%AB%E3%83%A1%E3%83%A9-Kiss-2420%E4%B8%87%E7%94%BB%E7%B4%A0-EOSKISSX8I/dp/B00T90G82G,https://search.rakuten.co.jp/search/mall/EOS+Kiss+X8i+ボディ/
268,269,https://www.amazon.co.jp/Nikon-%E3%83%87%E3%82%B8%E3%82%BF%E3%83%AB%E4%B8%80%E7%9C%BC%E3%83%AC%E3%83%95%E3%82%AB%E3%83%A1%E3%83%A9-D3400-%E3%83%9C%E3%83%87%E3%82%A3%E3%83%BC-D3400BK/dp/B01L16BIV6,https://search.rakuten.co.jp/search/mall/D3400+ボディ/
269,270,https://www.amazon.co.jp/Canon-%E3%83%87%E3%82%B8%E3%82%BF%E3%83%AB%E4%B8%80%E7%9C%BC%E3%83%AC%E3%83%95%E3%82%AB%E3%83%A1%E3%83%A9-EOS-6D%E3%83%9C%E3%83%87%E3%82%A3-EOS6D/dp/B009C6VADE,https://search.rakuten.co.jp/search/mall/EOS+6D+ボディ/
270,271,https://www.amazon.co.jp/Canon-%E3%83%87%E3%82%B8%E3%82%BF%E3%83%AB%E4%B8%80%E7%9C%BC%E3%83%AC%E3%83%95%E3%82%AB%E3%83%A1%E3%83%A9-2420%E4%B8%87%E7%94%BB%E7%B4%A0-DIGIC7%E6%90%AD%E8%BC%89-EOS9000D/dp/B06XMR25MP,https://search.rakuten.co.jp/search/mall/EOS+9000D+ボディ/
271,272,https://www.amazon.co.jp/PENTAX-%E3%83%87%E3%82%B8%E3%82%BF%E3%83%AB%E4%B8%80%E7%9C%BC%E3%83%AC%E3%83%95-%E3%80%90%E3%83%96%E3%83%A9%E3%83%83%E3%82%AF%E3%80%91-BLACK-16245/dp/B01GQY41P8,https://search.rakuten.co.jp/search/mall/PENTAX+K-70+ボディ/
272,273,https://www.amazon.co.jp/PENTAX-%E4%B8%80%E7%9C%BC%E3%83%AC%E3%83%95-K-1-Mark-15996/dp/B079YQ778J,https://search.rakuten.co.jp/search/mall/PENTAX+K-1+Mark+II+ボディ/
273,274,https://www.amazon.co.jp/%E3%83%8B%E3%82%B3%E3%83%B3-DFBK-Nikon-%E3%83%87%E3%82%B8%E3%82%BF%E3%83%AB%E4%B8%80%E7%9C%BC%E3%83%AC%E3%83%95%E3%82%AB%E3%83%A1%E3%83%A9-%E3%83%96%E3%83%A9%E3%83%83%E3%82%AFDFBK/dp/B00GGABT5S,https://search.rakuten.co.jp/search/mall/Df+ボディ/
274,275,https://www.amazon.co.jp/Canon-%E3%83%87%E3%82%B8%E3%82%BF%E3%83%AB%E4%B8%80%E7%9C%BC%E3%83%AC%E3%83%95%E3%82%AB%E3%83%A1%E3%83%A9-EOS-1D-Mark-EOS-1DXMK2/dp/B01BD4MMPM,https://search.rakuten.co.jp/search/mall/EOS-1D+X+Mark+II+ボディ/
275,276,https://www.amazon.co.jp/PENTAX-%E3%83%87%E3%82%B8%E3%82%BF%E3%83%AB%E4%B8%80%E7%9C%BC%E3%83%AC%E3%83%95-%E3%83%80%E3%83%96%E3%83%AB%E3%82%BA%E3%83%BC%E3%83%A0%E3%82%AD%E3%83%83%E3%83%88-WZOOMKIT-11612/dp/B00TENQRDI/ref=sr_1_1?s=electronics&ie=UTF8&qid=1546651133&sr=1-1&keywords=PENTAX%2BK-S2&th=1,https://search.rakuten.co.jp/search/mall/PENTAX+K-S2+ボディ/
276,277,https://www.amazon.co.jp/%E3%83%8B%E3%82%B3%E3%83%B3-D610-Nikon-%E3%83%87%E3%82%B8%E3%82%BF%E3%83%AB%E4%B8%80%E7%9C%BC%E3%83%AC%E3%83%95%E3%82%AB%E3%83%A1%E3%83%A9/dp/B00FPCES7Y,https://search.rakuten.co.jp/search/mall/D610+ボディ/
277,278,https://www.amazon.co.jp/%E3%82%BD%E3%83%8B%E3%83%BC-SONY-ILCA-99M2-%E3%83%87%E3%82%B8%E3%82%BF%E3%83%AB%E4%B8%80%E7%9C%BC%E3%82%AB%E3%83%A1%E3%83%A9-%E3%83%9C%E3%83%87%E3%82%A3%E3%81%AE%E3%81%BF/dp/B01LX4PJTX,https://search.rakuten.co.jp/search/mall/α99+II+ILCA-99M2+ボディ/
278,279,https://www.amazon.co.jp/Nikon-%E3%83%87%E3%82%B8%E3%82%BF%E3%83%AB%E4%B8%80%E7%9C%BC%E3%83%AC%E3%83%95%E3%82%AB%E3%83%A1%E3%83%A9-D810-24-120-%E3%83%AC%E3%83%B3%E3%82%BA%E3%82%AD%E3%83%83%E3%83%88/dp/B00TEY314A,https://search.rakuten.co.jp/search/mall/D810+24-120+VR+レンズキット/
279,280,https://www.amazon.co.jp/%E3%83%8B%E3%82%B3%E3%83%B3-D5CF-Nikon-%E3%83%87%E3%82%B8%E3%82%BF%E3%83%AB%E4%B8%80%E7%9C%BC%E3%83%AC%E3%83%95%E3%82%AB%E3%83%A1%E3%83%A9-CF-Type/dp/B01A7ZAXKO/ref=sr_1_2?s=electronics&ie=UTF8&qid=1546651183&sr=1-2&keywords=D5+CF-Type,https://search.rakuten.co.jp/search/mall/D5+CF-Type+ボディ/
280,281,https://www.amazon.co.jp/Canon-%E3%83%87%E3%82%B8%E3%82%BF%E3%83%AB%E4%B8%80%E7%9C%BC%E3%83%AC%E3%83%95%E3%82%AB%E3%83%A1%E3%83%A9-EOS-5060%E4%B8%87%E7%94%BB%E7%B4%A0-EOS5DSR/dp/B00T90G880,https://search.rakuten.co.jp/search/mall/EOS+5Ds+R+ボディ/
281,282,https://www.amazon.co.jp/SONY-%E3%83%9F%E3%83%A9%E3%83%BC%E3%83%AC%E3%82%B9%E4%B8%80%E7%9C%BC-%CE%B177-%E3%83%9C%E3%83%87%E3%82%A3-ILCA-77M2/dp/B00KD43SRA,https://search.rakuten.co.jp/search/mall/α77+II+ILCA-77M2+ボディ/
282,283,https://www.amazon.co.jp/Nikon-%E3%83%87%E3%82%B8%E3%82%BF%E3%83%AB%E4%B8%80%E7%9C%BC%E3%83%AC%E3%83%95%E3%82%AB%E3%83%A1%E3%83%A9-D3500-%E3%83%9C%E3%83%87%E3%82%A3/dp/B07GZHVWRT,https://search.rakuten.co.jp/search/mall/D3500+ボディ/
283,284,https://www.amazon.co.jp/%E3%82%AD%E3%83%A4%E3%83%8E%E3%83%B3-%E3%83%87%E3%82%B8%E3%82%BF%E3%83%AB%E4%B8%80%E7%9C%BC%E3%83%AC%E3%83%95%E3%82%AB%E3%83%A1%E3%83%A9%E3%83%BB%E3%83%9C%E3%83%87%E3%82%A3-Kiss-%E3%83%96%E3%83%A9%E3%83%83%E3%82%AF-KISSX90/dp/B07B3P9CH9,https://search.rakuten.co.jp/search/mall/EOS+Kiss+X90+ボディ/
284,285,https://www.amazon.co.jp/Nikon-%E3%83%87%E3%82%B8%E3%82%BF%E3%83%AB%E4%B8%80%E7%9C%BC%E3%83%AC%E3%83%95%E3%82%AB%E3%83%A1%E3%83%A9-18-140VR-%E3%83%AC%E3%83%B3%E3%82%BA%E3%82%AD%E3%83%83%E3%83%88-D7200LK18-140/dp/B00U5NQK2O,https://search.rakuten.co.jp/search/mall/D7200+18-140+VR+レンズキット/
285,286,https://www.amazon.co.jp/%E3%83%87%E3%82%B8%E3%82%BF%E3%83%AB%E4%B8%80%E7%9C%BC%E3%83%AC%E3%83%95-5%E8%BB%B85%E6%AE%B5%E6%89%8B%E3%81%B6%E3%82%8C%E8%A3%9C%E6%AD%A3-%E3%83%AD%E3%83%BC%E3%83%91%E3%82%B9%E3%82%BB%E3%83%AC%E3%82%AF%E3%82%BF%E3%83%BC-%E3%83%95%E3%83%AB%E3%82%B5%E3%82%A4%E3%82%BA%E3%83%95%E3%82%A9%E3%83%BC%E3%83%9E%E3%83%83%E3%83%88-19570/dp/B01BWB4NSA,https://search.rakuten.co.jp/search/mall/PENTAX+K-1+ボディ/
286,287,https://www.amazon.co.jp/Canon-%E3%83%87%E3%82%B8%E3%82%BF%E3%83%AB%E4%B8%80%E7%9C%BC%E3%83%AC%E3%83%95%E3%82%AB%E3%83%A1%E3%83%A9-EOS-Mark-EOS5DMK3/dp/B007G3SSP8,https://search.rakuten.co.jp/search/mall/EOS+5D+Mark+III+ボディ/
287,288,https://www.amazon.co.jp/Nikon-%E3%83%87%E3%82%B8%E3%82%BF%E3%83%AB%E4%B8%80%E7%9C%BC%E3%83%AC%E3%83%95%E3%82%AB%E3%83%A1%E3%83%A9-Special-Edition%E3%82%AD%E3%83%83%E3%83%88-%E3%83%96%E3%83%A9%E3%83%83%E3%82%AFDFLKBK/dp/B00GGABRCI,https://search.rakuten.co.jp/search/mall/Df+50mm+f/1.8G+Special+Editionキット/
288,289,https://www.amazon.co.jp/Canon-%E3%83%87%E3%82%B8%E3%82%BF%E3%83%AB%E4%B8%80%E7%9C%BC%E3%83%AC%E3%83%95%E3%82%AB%E3%83%A1%E3%83%A9-EOS-1D-%E3%83%9C%E3%83%87%E3%82%A3-EOS1DX/dp/B005WO89XO,https://search.rakuten.co.jp/search/mall/EOS-1D+X+ボディ/
289,290,https://www.amazon.co.jp/%E3%83%8B%E3%82%B3%E3%83%B3-D810A-Nikon-%E3%83%87%E3%82%B8%E3%82%BF%E3%83%AB%E4%B8%80%E7%9C%BC%E3%83%AC%E3%83%95%E3%82%AB%E3%83%A1%E3%83%A9/dp/B00TEY2MB8,https://search.rakuten.co.jp/search/mall/D810A+ボディ/
290,291,https://www.amazon.co.jp/Nikon-%E3%83%87%E3%82%B8%E3%82%BF%E3%83%AB%E4%B8%80%E7%9C%BC%E3%83%AC%E3%83%95%E3%82%AB%E3%83%A1%E3%83%A9-18-300VR-%E3%83%AC%E3%83%B3%E3%82%BA%E3%82%AD%E3%83%83%E3%83%88-D7200LK18-300/dp/B00U5NQKA6,https://search.rakuten.co.jp/search/mall/D7200+18-300+VR+スーパーズームキット/
291,292,https://www.amazon.co.jp/%E4%B8%AD%E5%88%A4%E3%83%87%E3%82%B8%E3%82%BF%E3%83%AB%E4%B8%80%E7%9C%BC%E3%83%AC%E3%83%95%E3%82%AB%E3%83%A1%E3%83%A9-645Z%E3%83%9C%E3%83%87%E3%82%A3-%E7%B4%845140%E4%B8%87%E7%94%BB%E7%B4%A0-%E6%96%B0%E5%9E%8BCMOS%E3%82%BB%E3%83%B3%E3%82%B5%E3%83%BC-16602/dp/B00JOCVZD6,https://search.rakuten.co.jp/search/mall/PENTAX+645Z+ボディ/
292,293,https://www.amazon.co.jp/%E3%83%87%E3%82%B8%E3%82%BF%E3%83%AB%E4%B8%80%E7%9C%BC%E3%83%AC%E3%83%95%E3%82%AB%E3%83%A1%E3%83%A9-2416%E4%B8%87%E7%94%BB%E7%B4%A0-3-2%E5%9E%8B%E6%B6%B2%E6%99%B6-%E3%82%BF%E3%83%83%E3%83%81%E3%83%91%E3%83%8D%E3%83%AB-D5500BK/dp/B00S7LBK6C/ref=sr_1_1?s=electronics&ie=UTF8&qid=1546651212&sr=1-1&keywords=D5500,https://search.rakuten.co.jp/search/mall/D5500+ボディ/
293,294,https://www.amazon.co.jp/PENTAX-%E3%83%87%E3%82%B8%E3%82%BF%E3%83%AB%E4%B8%80%E7%9C%BC%E3%83%AC%E3%83%95-%E3%83%AD%E3%83%BC%E3%83%91%E3%82%B9%E3%82%BB%E3%83%AC%E3%82%AF%E3%82%BF-%E6%9C%80%E9%AB%98%E7%B4%848-3%E3%82%B3%E3%83%9E-16162/dp/B00WJ8QKMS/ref=sr_1_1?s=electronics&ie=UTF8&qid=1546651235&sr=1-1&keywords=PENTAX+K-3+II,https://search.rakuten.co.jp/search/mall/PENTAX+K-3+II+ボディ/
294,295,https://www.amazon.co.jp/Canon-%E3%83%87%E3%82%B8%E3%82%BF%E3%83%AB%E4%B8%80%E7%9C%BC%E3%83%AC%E3%83%95%E3%82%AB%E3%83%A1%E3%83%A9-8000D-2420%E4%B8%87%E7%94%BB%E7%B4%A0-EOS8000D/dp/B00T90GHJ0,https://search.rakuten.co.jp/search/mall/EOS+8000D+ボディ/
295,296,https://www.amazon.co.jp/s/ref=nb_sb_noss?__mk_ja_JP=%E3%82%AB%E3%82%BF%E3%82%AB%E3%83%8A&url=search-alias%3Delectronics&field-keywords=H6D-400C+MS&rh=n%3A3210981%2Ck%3AH6D-400C+MS,https://search.rakuten.co.jp/search/mall/H6D-400C+MS+ボディ/
296,297,https://www.amazon.co.jp/%E3%83%87%E3%82%B8%E3%82%BF%E3%83%AB%E4%B8%80%E7%9C%BC%E3%83%AC%E3%83%95%E3%82%AB%E3%83%A1%E3%83%A9-%E3%83%AD%E3%83%BC%E3%83%91%E3%82%B9%E3%82%BB%E3%83%AC%E3%82%AF%E3%82%BF-%E7%A7%92%E3%83%BB%E6%9C%80%E5%A4%A7%E7%B4%8460%E3%82%B3%E3%83%9E%E9%AB%98%E9%80%9F%E3%83%89%E3%83%A9%E3%82%A4%E3%83%96-3EV%E4%BD%8E%E8%BC%9D%E5%BA%A6%E5%AF%BE%E5%BF%9C-15532/dp/B00FP6BE8Q,https://search.rakuten.co.jp/search/mall/PENTAX+K-3+ボディ/
297,298,https://www.amazon.co.jp/%E3%83%8B%E3%82%B3%E3%83%B3-D7000-Nikon-%E3%83%87%E3%82%B8%E3%82%BF%E3%83%AB%E4%B8%80%E7%9C%BC%E3%83%AC%E3%83%95%E3%82%AB%E3%83%A1%E3%83%A9-%E3%83%9C%E3%83%87%E3%82%A3%E3%83%BC/dp/B0042VJSKG,https://search.rakuten.co.jp/search/mall/D7000+ボディ/
298,299,https://www.amazon.co.jp/%E3%83%87%E3%82%B8%E3%82%BF%E3%83%AB%E4%B8%80%E7%9C%BC%E3%83%AC%E3%83%95%E3%82%AB%E3%83%A1%E3%83%A9-%E3%83%AC%E3%83%B3%E3%82%BA%E3%82%AD%E3%83%83%E3%83%88-EF-S18-200mm-F3-5-5-6-EOS7D18200ISLK/dp/B002NEFL82,https://search.rakuten.co.jp/search/mall/EOS+70D+ボディ/
299,300,https://www.amazon.co.jp/%E3%83%87%E3%82%B8%E3%82%BF%E3%83%AB%E4%B8%80%E7%9C%BC%E3%83%AC%E3%83%95%E3%82%AB%E3%83%A1%E3%83%A9-%E3%83%80%E3%83%96%E3%83%AB%E3%83%AC%E3%83%B3%E3%82%BA%E3%82%AD%E3%83%83%E3%83%882-EF-S18-55mm-F3-5-5-6-KISSX7WH-WLK2/dp/B00KAQX65U,https://search.rakuten.co.jp/search/mall/EOS+Kiss+X7+ダブルレンズキット+2/
300,301,https://www.amazon.co.jp/%E3%83%87%E3%82%B8%E3%82%BF%E3%83%AB%E4%B8%80%E7%9C%BC%E3%83%AC%E3%83%95-%E3%83%AA%E3%83%9F%E3%83%86%E3%83%83%E3%83%89%E3%82%B7%E3%83%AB%E3%83%90%E3%83%BC-5%E8%BB%B85%E6%AE%B5%E6%89%8B%E3%81%B6%E3%82%8C%E8%A3%9C%E6%AD%A3-%E3%83%AD%E3%83%BC%E3%83%91%E3%82%B9%E3%82%BB%E3%83%AC%E3%82%AF%E3%82%BF%E3%83%BC-%E3%83%95%E3%83%AB%E3%82%B5%E3%82%A4%E3%82%BA%E3%83%95%E3%82%A9%E3%83%BC%E3%83%9E%E3%83%83%E3%83%88/dp/B0752NQDXL,https://search.rakuten.co.jp/search/mall/PENTAX+K-1+Limited+Silver/
301,302,https://www.amazon.co.jp/Nikon-%E3%83%87%E3%82%B8%E3%82%BF%E3%83%AB%E4%B8%80%E7%9C%BC%E3%83%AC%E3%83%95%E3%82%AB%E3%83%A1%E3%83%A9-24-85-%E3%83%AC%E3%83%B3%E3%82%BA%E3%82%AD%E3%83%83%E3%83%88-D810LK24-85/dp/B00LAT2T86,https://search.rakuten.co.jp/search/mall/D810+24-85+VR+レンズキット/
302,303,https://www.amazon.co.jp/Canon-%E3%83%87%E3%82%B8%E3%82%BF%E3%83%AB%E4%B8%80%E7%9C%BC%E3%83%AC%E3%83%95%E3%82%AB%E3%83%A1%E3%83%A9-EOS-5060%E4%B8%87%E7%94%BB%E7%B4%A0-EOS5DS/dp/B00T90GHWC,https://search.rakuten.co.jp/search/mall/EOS+5Ds+ボディ/
303,304,https://www.amazon.co.jp/Canon-%E3%83%87%E3%82%B8%E3%82%BF%E3%83%AB%E4%B8%80%E7%9C%BC%E3%83%AC%E3%83%95%E3%82%AB%E3%83%A1%E3%83%A9-EOS-Kiss-EOSKISSX80/dp/B01CXUQ364,https://search.rakuten.co.jp/search/mall/EOS+Kiss+X80+ボディ/
304,305,https://www.amazon.co.jp/RICOH-%E3%83%87%E3%82%B8%E3%82%BF%E3%83%AB%E4%B8%80%E7%9C%BC%E3%83%AC%E3%83%95-PENTAX-DAL18-55mmWR%E3%83%BBDAL50-200mmWR%E3%83%80%E3%83%96%E3%83%AB%E3%82%BA%E3%83%BC%E3%83%A0%E3%82%AD%E3%83%83%E3%83%88-10907/dp/B00DDED11A/ref=sr_1_3?s=electronics&ie=UTF8&qid=1546651382&sr=1-3&keywords=PENTAX+K-50,https://search.rakuten.co.jp/search/mall/PENTAX+K-50+18-135WRキット/
305,306,https://www.amazon.co.jp/%E3%83%9A%E3%83%B3%E3%82%BF%E3%83%83%E3%82%AF%E3%82%B9-PENTAX-K-5-%E3%83%87%E3%82%B8%E3%82%BF%E3%83%AB%E4%B8%80%E7%9C%BC%E3%83%AC%E3%83%95-K-5BODY/dp/B0043M4X86/ref=sr_1_1?s=electronics&ie=UTF8&qid=1546651407&sr=1-1&keywords=PENTAX+K-5,https://search.rakuten.co.jp/search/mall/PENTAX+K-5+II+s+ボディ/
306,307,https://www.amazon.co.jp/%E3%83%8B%E3%82%B3%E3%83%B3-D4S-Nikon-%E3%83%87%E3%82%B8%E3%82%BF%E3%83%AB%E4%B8%80%E7%9C%BC%E3%83%AC%E3%83%95%E3%82%AB%E3%83%A1%E3%83%A9-D4S%E3%83%9C%E3%83%87%E3%82%A3%E3%83%BC/dp/B00IMUTP3I/ref=sr_1_3?s=electronics&ie=UTF8&qid=1546651427&sr=1-3&keywords=D4S,https://search.rakuten.co.jp/search/mall/D4S+ボディ/
307,308,https://www.amazon.co.jp/Nikon-%E3%83%87%E3%82%B8%E3%82%BF%E3%83%AB%E4%B8%80%E7%9C%BC%E3%83%AC%E3%83%95%E3%82%AB%E3%83%A1%E3%83%A9-D7100-%E3%83%9C%E3%83%87%E3%82%A3%E3%83%BC/dp/B00BIWQFNA/ref=sr_1_1?s=electronics&ie=UTF8&qid=1546651452&sr=1-1&keywords=D7100,https://search.rakuten.co.jp/search/mall/D7100+ボディ/
308,309,https://www.amazon.co.jp/Canon-%E3%83%87%E3%82%B8%E3%82%BF%E3%83%AB%E4%B8%80%E7%9C%BC%E3%83%AC%E3%83%95%E3%82%AB%E3%83%A1%E3%83%A9-Kiss-%E3%83%9C%E3%83%87%E3%82%A3%E3%83%BC-KISSX7I-BODY/dp/B00BXVQZ8Q,https://search.rakuten.co.jp/search/mall/EOS+Kiss+X7i+ボディ/
309,310,https://www.amazon.co.jp/%E3%83%87%E3%82%B8%E3%82%BF%E3%83%AB%E4%B8%80%E7%9C%BC%E3%83%AC%E3%83%95%E3%82%AB%E3%83%A1%E3%83%A9-%E3%83%AC%E3%83%B3%E3%82%BA%E3%82%AD%E3%83%83%E3%83%88-EF-S18-55mm-F3-5-5-6-KISSX70-1855IS2LK/dp/B00IDVTRWA/ref=sr_1_1?s=electronics&ie=UTF8&qid=1546651471&sr=1-1&keywords=EOS%2BKiss%2BX70&th=1,https://search.rakuten.co.jp/search/mall/EOS+Kiss+X70+ボディ/
310,311,https://www.amazon.co.jp/s/ref=nb_sb_noss?__mk_ja_JP=%E3%82%AB%E3%82%BF%E3%82%AB%E3%83%8A&url=search-alias%3Delectronics&field-keywords=H6D-100c,https://search.rakuten.co.jp/search/mall/H6D-100c+ボディ/
311,312,https://www.amazon.co.jp/RICOH-%E3%83%87%E3%82%B8%E3%82%BF%E3%83%AB%E4%B8%80%E7%9C%BC%E3%83%AC%E3%83%95-PENTAX-BLACK-06415/dp/B00N3FR322,https://search.rakuten.co.jp/search/mall/PENTAX+K-S1+ボディ/
312,313,https://www.amazon.co.jp/Nikon-%E3%83%87%E3%82%B8%E3%82%BF%E3%83%AB%E4%B8%80%E7%9C%BC%E3%83%AC%E3%83%95%E3%82%AB%E3%83%A1%E3%83%A9-D800E-%E3%83%9C%E3%83%87%E3%82%A3%E3%83%BC/dp/B007411DPY,https://search.rakuten.co.jp/search/mall/D800E+ボディ/
313,314,https://www.amazon.co.jp/PENTAX-%E3%83%87%E3%82%B8%E3%82%BF%E3%83%AB%E4%B8%80%E7%9C%BC%E3%83%AC%E3%83%95%E3%82%AB%E3%83%A1%E3%83%A9-K-30-%E3%83%9C%E3%83%87%E3%82%A3-K-30BODY/dp/B0086ZS3FU,https://search.rakuten.co.jp/search/mall/PENTAX+K-30+ボディ/
314,315,https://www.amazon.co.jp/%E3%83%87%E3%82%B8%E3%82%BF%E3%83%AB%E4%B8%80%E7%9C%BC%E3%83%AC%E3%83%95%E3%82%AB%E3%83%A1%E3%83%A9-%E3%83%80%E3%83%96%E3%83%AB%E3%83%AC%E3%83%B3%E3%82%BA%E3%82%AD%E3%83%83%E3%83%882-EF-S18-55mm-F3-5-5-6-KISSX7WH-WLK2/dp/B00KAQX65U,https://search.rakuten.co.jp/search/mall/EOS+Kiss+X7+ダブルレンズキット/
315,316,https://www.amazon.co.jp/s/ref=nb_sb_noss?__mk_ja_JP=%E3%82%AB%E3%82%BF%E3%82%AB%E3%83%8A&url=search-alias%3Delectronics&field-keywords=Mamiya+ZD&rh=n%3A3210981%2Ck%3AMamiya+ZD,https://search.rakuten.co.jp/search/mall/Mamiya+ZD+ボディ/
316,317,https://www.amazon.co.jp/PENTAX-%E3%83%87%E3%82%B8%E3%82%BF%E3%83%AB%E4%B8%80%E7%9C%BC%E3%83%AC%E3%83%95%E3%82%AB%E3%83%A1%E3%83%A9-K-5II-K-5IIBODY-12018/dp/B009931NOQ/ref=sr_1_4?s=electronics&ie=UTF8&qid=1546651587&sr=1-4&keywords=PENTAX+K-5+II,https://search.rakuten.co.jp/search/mall/PENTAX+K-5+II+ボディ/
317,318,https://www.amazon.co.jp/%E3%83%87%E3%82%B8%E3%82%BF%E3%83%AB%E4%B8%80%E7%9C%BC%E3%83%AC%E3%83%95%E3%82%AB%E3%83%A1%E3%83%A9-SD1Merrill-600%E4%B8%87%E7%94%BB%E7%B4%A0-FoveonX3%E3%83%80%E3%82%A4%E3%83%AC%E3%82%AF%E3%83%88%E3%82%A4%E3%83%A1%E3%83%BC%E3%82%B8%E3%82%BB%E3%83%B3%E3%82%B5%E3%83%BC-928766/dp/B007C1KYWE/ref=sr_1_2?s=electronics&ie=UTF8&qid=1546651633&sr=1-2&keywords=SD1,https://search.rakuten.co.jp/search/mall/SD1+ボディ/